-- --------------------------------------------------------
-- 主机:                           127.0.0.1
-- 服务器版本:                        5.5.53-log - MySQL Community Server (GPL)
-- 服务器操作系统:                      Win32
-- HeidiSQL 版本:                  9.5.0.5220
-- --------------------------------------------------------

/*!40101 SET @OLD_CHARACTER_SET_CLIENT=@@CHARACTER_SET_CLIENT */;
/*!40101 SET NAMES utf8 */;
/*!50503 SET NAMES utf8mb4 */;
/*!40014 SET @OLD_FOREIGN_KEY_CHECKS=@@FOREIGN_KEY_CHECKS, FOREIGN_KEY_CHECKS=0 */;
/*!40101 SET @OLD_SQL_MODE=@@SQL_MODE, SQL_MODE='NO_AUTO_VALUE_ON_ZERO' */;


-- 导出 jw 的数据库结构
DROP DATABASE IF EXISTS `jw`;
CREATE DATABASE IF NOT EXISTS `jw` /*!40100 DEFAULT CHARACTER SET utf8 */;
USE `jw`;

-- 导出  表 jw.admin 结构
DROP TABLE IF EXISTS `admin`;
CREATE TABLE IF NOT EXISTS `admin` (
  `aid` int(3) NOT NULL AUTO_INCREMENT,
  `username` char(10) NOT NULL,
  `passwd` char(32) NOT NULL,
  `tel` char(11) DEFAULT NULL,
  `addtime` datetime DEFAULT NULL,
  PRIMARY KEY (`aid`)
) ENGINE=InnoDB AUTO_INCREMENT=2 DEFAULT CHARSET=utf8 COMMENT='管理员表';

-- 正在导出表  jw.admin 的数据：~1 rows (大约)
DELETE FROM `admin`;
/*!40000 ALTER TABLE `admin` DISABLE KEYS */;
INSERT INTO `admin` (`aid`, `username`, `passwd`, `tel`, `addtime`) VALUES
	(1, 'jsd', '0a488f17216d2141214bfcc8e12c2c8a', '18328815322', '2018-01-28 10:23:18');
/*!40000 ALTER TABLE `admin` ENABLE KEYS */;

-- 导出  表 jw.artcomment 结构
DROP TABLE IF EXISTS `artcomment`;
CREATE TABLE IF NOT EXISTS `artcomment` (
  `comid` int(11) NOT NULL AUTO_INCREMENT COMMENT '评论ID',
  `pid` int(5) NOT NULL DEFAULT '0' COMMENT 'parentID,如果是回复评论,回复的那条评论的ID',
  `artid` int(11) NOT NULL COMMENT '所属文章ID',
  `content` text NOT NULL,
  `addtime` datetime NOT NULL,
  `status` tinyint(1) NOT NULL DEFAULT '1',
  PRIMARY KEY (`comid`)
) ENGINE=InnoDB AUTO_INCREMENT=7 DEFAULT CHARSET=utf8 COMMENT='文章评论表';

-- 正在导出表  jw.artcomment 的数据：~6 rows (大约)
DELETE FROM `artcomment`;
/*!40000 ALTER TABLE `artcomment` DISABLE KEYS */;
INSERT INTO `artcomment` (`comid`, `pid`, `artid`, `content`, `addtime`, `status`) VALUES
	(1, 0, 1, '写的好', '0000-00-00 00:00:00', 1),
	(2, 0, 1, '', '2018-01-31 16:29:15', 1),
	(3, 0, 1, '1231', '2018-01-31 16:29:22', 1),
	(4, 0, 26, '好', '2018-01-31 18:52:43', 1),
	(5, 0, 25, 'dsa', '2018-01-31 19:14:18', 1),
	(6, 0, 3, '111', '2018-01-31 21:13:35', 1);
/*!40000 ALTER TABLE `artcomment` ENABLE KEYS */;

-- 导出  表 jw.article 结构
DROP TABLE IF EXISTS `article`;
CREATE TABLE IF NOT EXISTS `article` (
  `artid` int(11) NOT NULL AUTO_INCREMENT COMMENT '文章ID',
  `cateid` int(2) DEFAULT NULL COMMENT '所属栏目ID',
  `title` char(100) DEFAULT NULL COMMENT '标题',
  `content` text,
  `addtime` datetime DEFAULT NULL COMMENT '添加时间',
  `author` char(10) DEFAULT NULL COMMENT '作者',
  `likes` int(10) NOT NULL DEFAULT '0' COMMENT '被喜欢的次数',
  `views` int(10) NOT NULL DEFAULT '0' COMMENT '被浏览次数',
  `comments` int(10) DEFAULT '0' COMMENT '一级评论次数',
  `status` tinyint(1) DEFAULT '1',
  PRIMARY KEY (`artid`)
) ENGINE=InnoDB AUTO_INCREMENT=27 DEFAULT CHARSET=utf8 COMMENT='文章信息表';

-- 正在导出表  jw.article 的数据：~21 rows (大约)
DELETE FROM `article`;
/*!40000 ALTER TABLE `article` DISABLE KEYS */;
INSERT INTO `article` (`artid`, `cateid`, `title`, `content`, `addtime`, `author`, `likes`, `views`, `comments`, `status`) VALUES
	(1, 4, '学会二维小动画，只需十分钟！', '<h2 style="margin: 20px auto; padding: 0px; font-weight: bolder; line-height: 1.2; color: rgb(51, 51, 51); font-family: &quot;Hiragino Sans GB&quot;, &quot;Helvetica neue&quot;, Helvetica, &quot;Microsoft Yahei&quot;, sans-serif; white-space: normal; background-color: rgb(255, 255, 255); text-align: center;">&nbsp;hello</h2><p style="margin: 20px auto; padding: 0px; list-style: none; color: rgb(51, 51, 51); font-family: &quot;Hiragino Sans GB&quot;, &quot;Helvetica neue&quot;, Helvetica, &quot;Microsoft Yahei&quot;, sans-serif; font-size: 14px; white-space: normal; background-color: rgb(255, 255, 255); text-align: center;">最近做了一个小动画</p><p style="margin: 20px auto; padding: 0px; list-style: none; color: rgb(51, 51, 51); font-family: &quot;Hiragino Sans GB&quot;, &quot;Helvetica neue&quot;, Helvetica, &quot;Microsoft Yahei&quot;, sans-serif; font-size: 14px; white-space: normal; background-color: rgb(255, 255, 255); text-align: center;">跟大家分享一下</p><p style="margin: 20px auto; padding: 0px; list-style: none; color: rgb(51, 51, 51); font-family: &quot;Hiragino Sans GB&quot;, &quot;Helvetica neue&quot;, Helvetica, &quot;Microsoft Yahei&quot;, sans-serif; font-size: 14px; white-space: normal; background-color: rgb(255, 255, 255); text-align: center;">这个动画属于基础动画</p><p style="margin: 20px auto; padding: 0px; list-style: none; color: rgb(51, 51, 51); font-family: &quot;Hiragino Sans GB&quot;, &quot;Helvetica neue&quot;, Helvetica, &quot;Microsoft Yahei&quot;, sans-serif; font-size: 14px; white-space: normal; background-color: rgb(255, 255, 255); text-align: center;">制作起来很简单</p><p style="margin: 20px auto; padding: 0px; list-style: none; color: rgb(51, 51, 51); font-family: &quot;Hiragino Sans GB&quot;, &quot;Helvetica neue&quot;, Helvetica, &quot;Microsoft Yahei&quot;, sans-serif; font-size: 14px; white-space: normal; background-color: rgb(255, 255, 255); text-align: center;">感兴趣的朋友快来看看吧～</p><p style="margin: 20px auto; padding: 0px; list-style: none; color: rgb(51, 51, 51); font-family: &quot;Hiragino Sans GB&quot;, &quot;Helvetica neue&quot;, Helvetica, &quot;Microsoft Yahei&quot;, sans-serif; font-size: 14px; white-space: normal; background-color: rgb(255, 255, 255); text-align: center;">里面一些小技巧</p><p style="margin: 20px auto; padding: 0px; list-style: none; color: rgb(51, 51, 51); font-family: &quot;Hiragino Sans GB&quot;, &quot;Helvetica neue&quot;, Helvetica, &quot;Microsoft Yahei&quot;, sans-serif; font-size: 14px; white-space: normal; background-color: rgb(255, 255, 255); text-align: center;">说不定会帮到你哦！</p><p style="margin: 20px auto; padding: 0px; list-style: none; color: rgb(51, 51, 51); font-family: &quot;Hiragino Sans GB&quot;, &quot;Helvetica neue&quot;, Helvetica, &quot;Microsoft Yahei&quot;, sans-serif; font-size: 14px; white-space: normal; background-color: rgb(255, 255, 255); text-align: center;">这期的场景元素设计</p><p style="margin: 20px auto; padding: 0px; list-style: none; color: rgb(51, 51, 51); font-family: &quot;Hiragino Sans GB&quot;, &quot;Helvetica neue&quot;, Helvetica, &quot;Microsoft Yahei&quot;, sans-serif; font-size: 14px; white-space: normal; background-color: rgb(255, 255, 255); text-align: center;">制作的方法比较简单</p><p style="margin: 20px auto; padding: 0px; list-style: none; color: rgb(51, 51, 51); font-family: &quot;Hiragino Sans GB&quot;, &quot;Helvetica neue&quot;, Helvetica, &quot;Microsoft Yahei&quot;, sans-serif; font-size: 14px; white-space: normal; background-color: rgb(255, 255, 255); text-align: center;">都是使用Ai中一些基础的制作方法</p><p style="margin: 20px auto; padding: 0px; list-style: none; color: rgb(51, 51, 51); font-family: &quot;Hiragino Sans GB&quot;, &quot;Helvetica neue&quot;, Helvetica, &quot;Microsoft Yahei&quot;, sans-serif; font-size: 14px; white-space: normal; background-color: rgb(255, 255, 255); text-align: center;">大家如果有不明白的地方</p><p style="margin: 20px auto; padding: 0px; list-style: none; color: rgb(51, 51, 51); font-family: &quot;Hiragino Sans GB&quot;, &quot;Helvetica neue&quot;, Helvetica, &quot;Microsoft Yahei&quot;, sans-serif; font-size: 14px; white-space: normal; background-color: rgb(255, 255, 255); text-align: center;">可以再文章最下方留言</p><p style="margin: 20px auto; padding: 0px; list-style: none; color: rgb(51, 51, 51); font-family: &quot;Hiragino Sans GB&quot;, &quot;Helvetica neue&quot;, Helvetica, &quot;Microsoft Yahei&quot;, sans-serif; font-size: 14px; white-space: normal; background-color: rgb(255, 255, 255); text-align: center;">这里就不再说制作方法了</p><p style="margin: 20px auto; padding: 0px; list-style: none; color: rgb(51, 51, 51); font-family: &quot;Hiragino Sans GB&quot;, &quot;Helvetica neue&quot;, Helvetica, &quot;Microsoft Yahei&quot;, sans-serif; font-size: 14px; white-space: normal; background-color: rgb(255, 255, 255); text-align: center;">现在的时节正是花开的时候</p><p style="margin: 20px auto; padding: 0px; list-style: none; color: rgb(51, 51, 51); font-family: &quot;Hiragino Sans GB&quot;, &quot;Helvetica neue&quot;, Helvetica, &quot;Microsoft Yahei&quot;, sans-serif; font-size: 14px; white-space: normal; background-color: rgb(255, 255, 255); text-align: center;">大家如果有时间</p><p style="margin: 20px auto; padding: 0px; list-style: none; color: rgb(51, 51, 51); font-family: &quot;Hiragino Sans GB&quot;, &quot;Helvetica neue&quot;, Helvetica, &quot;Microsoft Yahei&quot;, sans-serif; font-size: 14px; white-space: normal; background-color: rgb(255, 255, 255); text-align: center;">可以去踏踏春</p><p style="margin: 20px auto; padding: 0px; list-style: none; color: rgb(51, 51, 51); font-family: &quot;Hiragino Sans GB&quot;, &quot;Helvetica neue&quot;, Helvetica, &quot;Microsoft Yahei&quot;, sans-serif; font-size: 14px; white-space: normal; background-color: rgb(255, 255, 255); text-align: center;">这对增加自己的灵感很有用哦～</p><p style="margin: 20px auto; padding: 0px; list-style: none; color: rgb(51, 51, 51); font-family: &quot;Hiragino Sans GB&quot;, &quot;Helvetica neue&quot;, Helvetica, &quot;Microsoft Yahei&quot;, sans-serif; font-size: 14px; white-space: normal; background-color: rgb(255, 255, 255); text-align: center;">这期会用到《第十九期－骨骼动画》的插件</p><p style="margin: 20px auto; padding: 0px; list-style: none; color: rgb(51, 51, 51); font-family: &quot;Hiragino Sans GB&quot;, &quot;Helvetica neue&quot;, Helvetica, &quot;Microsoft Yahei&quot;, sans-serif; font-size: 14px; white-space: normal; background-color: rgb(255, 255, 255); text-align: center;">插件的下载方法在第十九期里面</p><p><img src="http://localhost/share/article/upload/image/20180131/1517368299__2110353703a46779cf1ed51.gif"/></p><p><img src="http://localhost/share/article/upload/image/20180131/1517368296__211030276446d860dbbfe54.png"/></p><p><br/></p>', '2018-01-31 12:37:54', 'jsd', 13, 34, 0, 1),
	(3, 2, '釜势设计分享第二十三期－矢量盆景', '<p style="margin: 20px auto; padding: 0px; list-style: none; color: rgb(51, 51, 51); font-family: &quot;Hiragino Sans GB&quot;, &quot;Helvetica neue&quot;, Helvetica, &quot;Microsoft Yahei&quot;, sans-serif; font-size: 14px; white-space: normal; background-color: rgb(255, 255, 255); text-align: center;">Hello</p><p style="margin: 20px auto; padding: 0px; list-style: none; color: rgb(51, 51, 51); font-family: &quot;Hiragino Sans GB&quot;, &quot;Helvetica neue&quot;, Helvetica, &quot;Microsoft Yahei&quot;, sans-serif; font-size: 14px; white-space: normal; background-color: rgb(255, 255, 255); text-align: center;">大家好</p><p style="margin: 20px auto; padding: 0px; list-style: none; color: rgb(51, 51, 51); font-family: &quot;Hiragino Sans GB&quot;, &quot;Helvetica neue&quot;, Helvetica, &quot;Microsoft Yahei&quot;, sans-serif; font-size: 14px; white-space: normal; background-color: rgb(255, 255, 255); text-align: center;"><img src="http://localhost/share/article/upload/image/20180131/1517373627__131702026446d860dbbfe54.png" title="1517373627__131702026446d860dbbfe54.png" alt="131702026446d860dbbfe54.png"/>今天分享的是</p><p style="margin: 20px auto; padding: 0px; list-style: none; color: rgb(51, 51, 51); font-family: &quot;Hiragino Sans GB&quot;, &quot;Helvetica neue&quot;, Helvetica, &quot;Microsoft Yahei&quot;, sans-serif; font-size: 14px; white-space: normal; background-color: rgb(255, 255, 255); text-align: center;">使用Ai制作出逼真的花朵盆景</p><p style="margin: 20px auto; padding: 0px; list-style: none; color: rgb(51, 51, 51); font-family: &quot;Hiragino Sans GB&quot;, &quot;Helvetica neue&quot;, Helvetica, &quot;Microsoft Yahei&quot;, sans-serif; font-size: 14px; white-space: normal; background-color: rgb(255, 255, 255); text-align: center;">视觉效果很不错哦～</p><p style="margin: 20px auto; padding: 0px; list-style: none; color: rgb(51, 51, 51); font-family: &quot;Hiragino Sans GB&quot;, &quot;Helvetica neue&quot;, Helvetica, &quot;Microsoft Yahei&quot;, sans-serif; font-size: 14px; white-space: normal; background-color: rgb(255, 255, 255); text-align: center;">足以媲美Ps的处理效果</p><p style="margin: 20px auto; padding: 0px; list-style: none; color: rgb(51, 51, 51); font-family: &quot;Hiragino Sans GB&quot;, &quot;Helvetica neue&quot;, Helvetica, &quot;Microsoft Yahei&quot;, sans-serif; font-size: 14px; white-space: normal; background-color: rgb(255, 255, 255); text-align: center;">而且是矢量文件</p><p style="margin: 20px auto; padding: 0px; list-style: none; color: rgb(51, 51, 51); font-family: &quot;Hiragino Sans GB&quot;, &quot;Helvetica neue&quot;, Helvetica, &quot;Microsoft Yahei&quot;, sans-serif; font-size: 14px; white-space: normal; background-color: rgb(255, 255, 255); text-align: center;">这种制作方法实用性还是很高的</p><p style="margin: 20px auto; padding: 0px; list-style: none; color: rgb(51, 51, 51); font-family: &quot;Hiragino Sans GB&quot;, &quot;Helvetica neue&quot;, Helvetica, &quot;Microsoft Yahei&quot;, sans-serif; font-size: 14px; white-space: normal; background-color: rgb(255, 255, 255); text-align: center;">颜色变化效果非常好</p><p style="margin: 20px auto; padding: 0px; list-style: none; color: rgb(51, 51, 51); font-family: &quot;Hiragino Sans GB&quot;, &quot;Helvetica neue&quot;, Helvetica, &quot;Microsoft Yahei&quot;, sans-serif; font-size: 14px; white-space: normal; background-color: rgb(255, 255, 255); text-align: center;">可以用这种方法设计出很细腻的作品</p><p style="margin: 20px auto; padding: 0px; list-style: none; color: rgb(51, 51, 51); font-family: &quot;Hiragino Sans GB&quot;, &quot;Helvetica neue&quot;, Helvetica, &quot;Microsoft Yahei&quot;, sans-serif; font-size: 14px; white-space: normal; background-color: rgb(255, 255, 255); text-align: center;">快来看看吧！</p><p style="margin: 20px auto; padding: 0px; list-style: none; color: rgb(51, 51, 51); font-family: &quot;Hiragino Sans GB&quot;, &quot;Helvetica neue&quot;, Helvetica, &quot;Microsoft Yahei&quot;, sans-serif; font-size: 14px; white-space: normal; background-color: rgb(255, 255, 255); text-align: center;">好了</p><p style="margin: 20px auto; padding: 0px; list-style: none; color: rgb(51, 51, 51); font-family: &quot;Hiragino Sans GB&quot;, &quot;Helvetica neue&quot;, Helvetica, &quot;Microsoft Yahei&quot;, sans-serif; font-size: 14px; white-space: normal; background-color: rgb(255, 255, 255); text-align: center;">不多说</p><p style="margin: 20px auto; padding: 0px; list-style: none; color: rgb(51, 51, 51); font-family: &quot;Hiragino Sans GB&quot;, &quot;Helvetica neue&quot;, Helvetica, &quot;Microsoft Yahei&quot;, sans-serif; font-size: 14px; white-space: normal; background-color: rgb(255, 255, 255); text-align: center;">拿上一杯热水</p><p style="margin: 20px auto; padding: 0px; list-style: none; color: rgb(51, 51, 51); font-family: &quot;Hiragino Sans GB&quot;, &quot;Helvetica neue&quot;, Helvetica, &quot;Microsoft Yahei&quot;, sans-serif; font-size: 14px; white-space: normal; background-color: rgb(255, 255, 255); text-align: center;">开始下面的教程吧！</p><p style="margin: 20px auto; padding: 0px; list-style: none; color: rgb(51, 51, 51); font-family: &quot;Hiragino Sans GB&quot;, &quot;Helvetica neue&quot;, Helvetica, &quot;Microsoft Yahei&quot;, sans-serif; font-size: 14px; white-space: normal; background-color: rgb(255, 255, 255); text-align: center;">这期的篇幅比较长，注意眼睛休息哦～</p><p><br/></p>', '2018-01-31 12:40:34', 'jsd', 1, 4, 0, 1),
	(4, 2, '釜势设计分享第二十一期－毛皮文字', '<p style="margin: 20px auto; padding: 0px; list-style: none; color: rgb(51, 51, 51); font-family: &quot;Hiragino Sans GB&quot;, &quot;Helvetica neue&quot;, Helvetica, &quot;Microsoft Yahei&quot;, sans-serif; font-size: 14px; white-space: normal; background-color: rgb(255, 255, 255); text-align: center;">Hello</p><p style="margin: 20px auto; padding: 0px; list-style: none; color: rgb(51, 51, 51); font-family: &quot;Hiragino Sans GB&quot;, &quot;Helvetica neue&quot;, Helvetica, &quot;Microsoft Yahei&quot;, sans-serif; font-size: 14px; white-space: normal; background-color: rgb(255, 255, 255); text-align: center;">假期结束了</p><p style="margin: 20px auto; padding: 0px; list-style: none; color: rgb(51, 51, 51); font-family: &quot;Hiragino Sans GB&quot;, &quot;Helvetica neue&quot;, Helvetica, &quot;Microsoft Yahei&quot;, sans-serif; font-size: 14px; white-space: normal; background-color: rgb(255, 255, 255); text-align: center;">要开始工作旅程了</p><p style="margin: 20px auto; padding: 0px; list-style: none; color: rgb(51, 51, 51); font-family: &quot;Hiragino Sans GB&quot;, &quot;Helvetica neue&quot;, Helvetica, &quot;Microsoft Yahei&quot;, sans-serif; font-size: 14px; white-space: normal; background-color: rgb(255, 255, 255); text-align: center;">祝大家新的一年里</p><p style="margin: 20px auto; padding: 0px; list-style: none; color: rgb(51, 51, 51); font-family: &quot;Hiragino Sans GB&quot;, &quot;Helvetica neue&quot;, Helvetica, &quot;Microsoft Yahei&quot;, sans-serif; font-size: 14px; white-space: normal; background-color: rgb(255, 255, 255); text-align: center;">工作顺利、万事如意、节节高升</p><p style="margin: 20px auto; padding: 0px; list-style: none; color: rgb(51, 51, 51); font-family: &quot;Hiragino Sans GB&quot;, &quot;Helvetica neue&quot;, Helvetica, &quot;Microsoft Yahei&quot;, sans-serif; font-size: 14px; white-space: normal; background-color: rgb(255, 255, 255); text-align: center;">今天这期分享的内容是</p><p style="margin: 20px auto; padding: 0px; list-style: none; color: rgb(51, 51, 51); font-family: &quot;Hiragino Sans GB&quot;, &quot;Helvetica neue&quot;, Helvetica, &quot;Microsoft Yahei&quot;, sans-serif; font-size: 14px; white-space: normal; background-color: rgb(255, 255, 255); text-align: center;">毛皮效果的制作方法</p><p style="margin: 20px auto; padding: 0px; list-style: none; color: rgb(51, 51, 51); font-family: &quot;Hiragino Sans GB&quot;, &quot;Helvetica neue&quot;, Helvetica, &quot;Microsoft Yahei&quot;, sans-serif; font-size: 14px; white-space: normal; background-color: rgb(255, 255, 255); text-align: center;">这里面有一个很强大的功能</p><p style="margin: 20px auto; padding: 0px; list-style: none; color: rgb(51, 51, 51); font-family: &quot;Hiragino Sans GB&quot;, &quot;Helvetica neue&quot;, Helvetica, &quot;Microsoft Yahei&quot;, sans-serif; font-size: 14px; white-space: normal; background-color: rgb(255, 255, 255); text-align: center;">就是“PS动作”</p><p style="margin: 20px auto; padding: 0px; list-style: none; color: rgb(51, 51, 51); font-family: &quot;Hiragino Sans GB&quot;, &quot;Helvetica neue&quot;, Helvetica, &quot;Microsoft Yahei&quot;, sans-serif; font-size: 14px; white-space: normal; background-color: rgb(255, 255, 255); text-align: center;">这个功能可以记录你在软件中的操作</p><p style="margin: 20px auto; padding: 0px; list-style: none; color: rgb(51, 51, 51); font-family: &quot;Hiragino Sans GB&quot;, &quot;Helvetica neue&quot;, Helvetica, &quot;Microsoft Yahei&quot;, sans-serif; font-size: 14px; white-space: normal; background-color: rgb(255, 255, 255); text-align: center;">然后只需点击一下播放按钮就可以重复纪录的操作</p><p style="margin: 20px auto; padding: 0px; list-style: none; color: rgb(51, 51, 51); font-family: &quot;Hiragino Sans GB&quot;, &quot;Helvetica neue&quot;, Helvetica, &quot;Microsoft Yahei&quot;, sans-serif; font-size: 14px; white-space: normal; background-color: rgb(255, 255, 255); text-align: center;">如果是一些量大而且重复操作的工作</p><p style="margin: 20px auto; padding: 0px; list-style: none; color: rgb(51, 51, 51); font-family: &quot;Hiragino Sans GB&quot;, &quot;Helvetica neue&quot;, Helvetica, &quot;Microsoft Yahei&quot;, sans-serif; font-size: 14px; white-space: normal; background-color: rgb(255, 255, 255); text-align: center;">使用这个功能将会方便非常多</p><p style="margin: 20px auto; padding: 0px; list-style: none; color: rgb(51, 51, 51); font-family: &quot;Hiragino Sans GB&quot;, &quot;Helvetica neue&quot;, Helvetica, &quot;Microsoft Yahei&quot;, sans-serif; font-size: 14px; white-space: normal; background-color: rgb(255, 255, 255); text-align: center;">这个功能注重的是活学活用、举一反三哦！</p><p style="margin: 20px auto; padding: 0px; list-style: none; color: rgb(51, 51, 51); font-family: &quot;Hiragino Sans GB&quot;, &quot;Helvetica neue&quot;, Helvetica, &quot;Microsoft Yahei&quot;, sans-serif; font-size: 14px; white-space: normal; background-color: rgb(255, 255, 255); text-align: center;">好了</p><p style="margin: 20px auto; padding: 0px; list-style: none; color: rgb(51, 51, 51); font-family: &quot;Hiragino Sans GB&quot;, &quot;Helvetica neue&quot;, Helvetica, &quot;Microsoft Yahei&quot;, sans-serif; font-size: 14px; white-space: normal; background-color: rgb(255, 255, 255); text-align: center;">下面就开始今天的教程吧！</p><p><img src="http://localhost/share/article/upload/image/20180131/1517374062__141252466446d860dbbfe54.png" title="1517374062__141252466446d860dbbfe54.png" alt="141252466446d860dbbfe54.png"/></p>', '2018-01-31 12:48:05', 'jsd', 0, 1, 0, 1),
	(5, 1, '高效编写微信小程序', '<h3 class="md-end-block md-heading md-focus" style="margin: 20px auto; padding: 0px; font-weight: bolder; line-height: 1.2; color: rgb(51, 51, 51); font-family: &quot;Hiragino Sans GB&quot;, &quot;Helvetica neue&quot;, Helvetica, &quot;Microsoft Yahei&quot;, sans-serif; white-space: normal; background-color: rgb(255, 255, 255);"><span class="md-expand">前言</span></h3><p style="margin: 20px auto; padding: 0px; list-style: none; color: rgb(51, 51, 51); font-family: &quot;Hiragino Sans GB&quot;, &quot;Helvetica neue&quot;, Helvetica, &quot;Microsoft Yahei&quot;, sans-serif; font-size: 14px; white-space: normal; background-color: rgb(255, 255, 255);"><span class="md-line md-end-block md-focus">微信小程序是一个工程，就和盖房子一样，打好了地基，才能保证后续工程师建立在可靠牢固的基础上。</span></p><p style="margin: 20px auto; padding: 0px; list-style: none; color: rgb(51, 51, 51); font-family: &quot;Hiragino Sans GB&quot;, &quot;Helvetica neue&quot;, Helvetica, &quot;Microsoft Yahei&quot;, sans-serif; font-size: 14px; white-space: normal; background-color: rgb(255, 255, 255);"><span class="md-line md-end-block">笔者需要经常新建项目，每次都要重复“修改项目结构 -&gt; 从老项目中复制粘贴文件 -&gt; 删除一些老项目中代码”这样的过程，实在是…费心费力。</span></p><p style="margin: 20px auto; padding: 0px; list-style: none; color: rgb(51, 51, 51); font-family: &quot;Hiragino Sans GB&quot;, &quot;Helvetica neue&quot;, Helvetica, &quot;Microsoft Yahei&quot;, sans-serif; font-size: 14px; white-space: normal; background-color: rgb(255, 255, 255);"><span class="md-line md-end-block md-focus">另一个痛点是：每次新建小程序页面要生成三个文件名相同的文件 ( .wxml、.wxss 和 .js )，命令行太长（据微信同事：也可以在 app.json 的&nbsp;<code style="margin: 0px 4px; padding: 0px 4px; white-space: pre-wrap; word-wrap: break-word; background-color: rgb(225, 225, 225); font-size: 12px; display: inline-block; color: rgb(102, 102, 102); font-family: &quot;Microsoft Yahei&quot;, Arial;">pages</code>&nbsp;字段下添加新页面的路径，保存后也会生成对应的文件）。</span></p><p><img src="http://localhost/share/article/upload/image/20180131/1517374221__171127224ca8a7d20ccb458.png" title="1517374221__171127224ca8a7d20ccb458.png" alt="171127224ca8a7d20ccb458.png"/></p>', '2018-01-31 12:50:24', 'jsd', 0, 0, 0, 1),
	(6, 1, '微信小程序初体验（上）', '<p style="margin: 20px auto; padding: 0px; list-style: none; color: rgb(51, 51, 51); font-family: &quot;Hiragino Sans GB&quot;, &quot;Helvetica neue&quot;, Helvetica, &quot;Microsoft Yahei&quot;, sans-serif; font-size: 14px; white-space: normal; background-color: rgb(255, 255, 255);">这段时间有幸加入了一个关于微信小程序的项目开发组，从无到有的根据文档自行学习了小程序的开发过程，前面已经有几位前辈的文章珠玉在前，我这里就先从前端界面的开发方面谈一谈小程序以及我所遇到的问题吧。</p><p style="margin: 20px auto; padding: 0px; list-style: none; color: rgb(51, 51, 51); font-family: &quot;Hiragino Sans GB&quot;, &quot;Helvetica neue&quot;, Helvetica, &quot;Microsoft Yahei&quot;, sans-serif; font-size: 14px; white-space: normal; background-color: rgb(255, 255, 255);">在结构和样式方面，小程序提供了一些常用的标签与控件，比如：</p><p style="margin: 20px auto; padding: 0px; list-style: none; color: rgb(51, 51, 51); font-family: &quot;Hiragino Sans GB&quot;, &quot;Helvetica neue&quot;, Helvetica, &quot;Microsoft Yahei&quot;, sans-serif; font-size: 14px; white-space: normal; background-color: rgb(255, 255, 255);">view，小程序主要的布局元素，类似于html标签的div，你也完全可以像控制div那样去控制view。</p><p style="margin: 20px auto; padding: 0px; list-style: none; color: rgb(51, 51, 51); font-family: &quot;Hiragino Sans GB&quot;, &quot;Helvetica neue&quot;, Helvetica, &quot;Microsoft Yahei&quot;, sans-serif; font-size: 14px; white-space: normal; background-color: rgb(255, 255, 255);">scroll-view，你要滚动内容的话，没必要用view去做overflow，scroll-view提供了更为强大的功能，通过参数的调整，你可以控制滚动方向，触发的事件等等</p><p><img src="http://localhost/share/article/upload/image/20180131/1517390038__08143431f7280679efca357.png" title="1517390038__08143431f7280679efca357.png" alt="08143431f7280679efca357.png"/></p>', '2018-01-31 17:14:00', 'jsd', 0, 0, 0, 1),
	(7, 1, 'CSS3实现毛玻璃（图片模糊）效果', '<p><img src="http://localhost/share/article/upload/image/20180131/1517390195__25145904469bba0a564235d.png" title="1517390195__25145904469bba0a564235d.png" alt="25145904469bba0a564235d.png"/></p>', '2018-01-31 17:16:38', 'jsd', 0, 0, 0, 1),
	(8, 1, 'CSS3实现毛玻璃（图片模糊）效果', '<p><img src="http://localhost/share/article/upload/image/20180131/1517390195__25145904469bba0a564235d.png" title="1517390195__25145904469bba0a564235d.png" alt="25145904469bba0a564235d.png"/></p><p style="margin: 20px auto; padding: 0px; list-style: none; color: rgb(51, 51, 51); font-family: &quot;Hiragino Sans GB&quot;, &quot;Helvetica neue&quot;, Helvetica, &quot;Microsoft Yahei&quot;, sans-serif; font-size: 14px; white-space: normal; background-color: rgb(255, 255, 255);">HTML:</p><pre style="margin: 20px auto; padding: 20px; list-style: none; white-space: pre-wrap; word-wrap: break-word; background-color: rgb(245, 245, 245); border-left: 3px solid rgb(0, 195, 182); font-size: 12px; line-height: 1.8; font-family: &quot;Microsoft Yahei&quot;, Arial; color: rgb(51, 51, 51);">&lt;img&nbsp;id=&quot;blur&quot;&nbsp;src=&quot;img/back.jpg&quot;&gt;</pre><p style="margin: 20px auto; padding: 0px; list-style: none; color: rgb(51, 51, 51); font-family: &quot;Hiragino Sans GB&quot;, &quot;Helvetica neue&quot;, Helvetica, &quot;Microsoft Yahei&quot;, sans-serif; font-size: 14px; white-space: normal; background-color: rgb(255, 255, 255);">CSS3:</p><pre style="margin: 20px auto; padding: 20px; list-style: none; white-space: pre-wrap; word-wrap: break-word; background-color: rgb(245, 245, 245); border-left: 3px solid rgb(0, 195, 182); font-size: 12px; line-height: 1.8; font-family: &quot;Microsoft Yahei&quot;, Arial; color: rgb(51, 51, 51);">#blur{\r\nfilter:blur(10px);\r\n-webkit-filter:blur(10px);\r\n-moz-filter:blur(10px);\r\n-ms-filter:blur(10px);\r\n-o-filter:blur(10px);\r\n}</pre><p style="margin: 20px auto; padding: 0px; list-style: none; color: rgb(51, 51, 51); font-family: &quot;Hiragino Sans GB&quot;, &quot;Helvetica neue&quot;, Helvetica, &quot;Microsoft Yahei&quot;, sans-serif; font-size: 14px; white-space: normal; background-color: rgb(255, 255, 255); text-align: center;">**看个复杂点的例子**</p><p><br/></p>', '2018-01-31 17:17:04', 'jsd', 0, 0, 0, 1),
	(11, 1, '棋逢对手：background对比img', '<p style="margin: 20px auto; padding: 0px; list-style: none; color: rgb(51, 51, 51); font-family: &quot;Hiragino Sans GB&quot;, &quot;Helvetica neue&quot;, Helvetica, &quot;Microsoft Yahei&quot;, sans-serif; font-size: 14px; white-space: normal; background-color: rgb(255, 255, 255);">在制作移动端页面时，展示图片的方法是一般是通过css background样式或者加在img src标签上。然而，久而久之习惯了使用，却忘记思考哪个才是最优的？我们是否真正理解两者之前的区别？两者对比各有什么优劣势呢？ 让我们先看一下这两种方式的基本概念。background属于css方法，img属于html标签。按照浏览器的渲染机制，html标签会被优先解析，而css则是在html解析完成后再执行。从这里也能够得到一个信息：<br/><span style="color: rgb(255, 102, 0);">img方法比background方法能更加快速的显示图片。</span></p><p style="margin: 20px auto; padding: 0px; list-style: none; color: rgb(51, 51, 51); font-family: &quot;Hiragino Sans GB&quot;, &quot;Helvetica neue&quot;, Helvetica, &quot;Microsoft Yahei&quot;, sans-serif; font-size: 14px; white-space: normal; background-color: rgb(255, 255, 255);"><span style="color: rgb(255, 102, 0);"><img src="http://localhost/share/article/upload/image/20180131/1517390395__0814320443336147c74efd9.jpg" title="1517390395__0814320443336147c74efd9.jpg" alt="0814320443336147c74efd9.jpg"/></span></p><p style="margin: 20px auto; padding: 0px; list-style: none; color: rgb(51, 51, 51); font-family: &quot;Hiragino Sans GB&quot;, &quot;Helvetica neue&quot;, Helvetica, &quot;Microsoft Yahei&quot;, sans-serif; font-size: 14px; white-space: normal; background-color: rgb(255, 255, 255);">接下来个人结合日常项目需求对两者关于加载速度、FPS、动画性能等方面进行对比：</p><h2 style="margin: 20px auto; padding: 0px; font-weight: bolder; line-height: 1.2; color: rgb(51, 51, 51); font-family: &quot;Hiragino Sans GB&quot;, &quot;Helvetica neue&quot;, Helvetica, &quot;Microsoft Yahei&quot;, sans-serif; white-space: normal; background-color: rgb(255, 255, 255);">测试准备</h2><p style="margin: 20px auto; padding: 0px; list-style: none; color: rgb(51, 51, 51); font-family: &quot;Hiragino Sans GB&quot;, &quot;Helvetica neue&quot;, Helvetica, &quot;Microsoft Yahei&quot;, sans-serif; font-size: 14px; white-space: normal; background-color: rgb(255, 255, 255);">两个demo中分别使用background-image方式和img src方式对图片展示，页面中均有500个DOM，分别对速度、FPS、动画流畅性等方面进行测试比较。</p><h3 style="margin: 20px auto; padding: 0px; font-weight: bolder; line-height: 1.2; color: rgb(51, 51, 51); font-family: &quot;Hiragino Sans GB&quot;, &quot;Helvetica neue&quot;, Helvetica, &quot;Microsoft Yahei&quot;, sans-serif; white-space: normal; background-color: rgb(255, 255, 255);">一、速度测试</h3><p style="margin: 20px auto; padding: 0px; list-style: none; color: rgb(51, 51, 51); font-family: &quot;Hiragino Sans GB&quot;, &quot;Helvetica neue&quot;, Helvetica, &quot;Microsoft Yahei&quot;, sans-serif; font-size: 14px; white-space: normal; background-color: rgb(255, 255, 255);">测试网络情况为Regular 3g(750kb/s 100ms RTT)。 由于实现方式不同所以页面的代码体积大小是不一样的。两个测试文件中，background页面完全加载成功后是337kb，img页面完全加载成功后是347kb。 两个demo加载后的大小主要是受css和html代码影响，background页面实现方式css代码量会相对较多，html代码量较少；而img页面实现方式css代码量会相对较少，html代码量较多。所以在页面各放置了500个DOM，html的代码量剧增，最终导致img页面会比background页面大一些。 最后使用Navigation Timing API测试页面加载时间。测试代码如下：</p><pre style="margin: 20px auto; padding: 20px; list-style: none; white-space: pre-wrap; word-wrap: break-word; background-color: rgb(245, 245, 245); border-left: 3px solid rgb(0, 195, 182); font-size: 12px; line-height: 1.8; font-family: &quot;Microsoft Yahei&quot;, Arial;">window.onload&nbsp;=&nbsp;function()&nbsp;{\r\n&nbsp;&nbsp;&nbsp;&nbsp;&nbsp;&nbsp;&nbsp;&nbsp;setTimeout(function()&nbsp;{\r\n&nbsp;&nbsp;&nbsp;&nbsp;&nbsp;&nbsp;&nbsp;&nbsp;&nbsp;&nbsp;&nbsp;&nbsp;var&nbsp;t&nbsp;=&nbsp;performance.timing;\r\n&nbsp;&nbsp;&nbsp;&nbsp;&nbsp;&nbsp;&nbsp;&nbsp;&nbsp;&nbsp;&nbsp;&nbsp;console.log(&quot;页面速度:&nbsp;&quot;&nbsp;+&nbsp;(t.loadEventEnd&nbsp;-&nbsp;t.responseEnd)&nbsp;+&nbsp;&quot;&nbsp;ms&quot;);\r\n&nbsp;&nbsp;&nbsp;&nbsp;&nbsp;&nbsp;&nbsp;&nbsp;},&nbsp;0);\r\n};</pre><p style="margin: 20px auto; padding: 0px; list-style: none; color: rgb(51, 51, 51); font-family: &quot;Hiragino Sans GB&quot;, &quot;Helvetica neue&quot;, Helvetica, &quot;Microsoft Yahei&quot;, sans-serif; font-size: 14px; white-space: normal; background-color: rgb(255, 255, 255);">测试数据为（单位ms）：</p><table><tbody><tr class="firstRow"><td style="margin: 0px; list-style: none; border-color: rgb(229, 229, 229);"><br/></td><td style="margin: 0px; list-style: none; border-color: rgb(229, 229, 229);"><br/></td><td style="margin: 0px; list-style: none; border-color: rgb(229, 229, 229);"><br/></td><td style="margin: 0px; list-style: none; border-color: rgb(229, 229, 229);"><br/></td><td style="margin: 0px; list-style: none; border-color: rgb(229, 229, 229);"><br/></td><td style="margin: 0px; list-style: none; border-color: rgb(229, 229, 229);"><br/></td><td style="margin: 0px; list-style: none; border-color: rgb(229, 229, 229);"><br/></td><td style="margin: 0px; list-style: none; border-color: rgb(229, 229, 229);"><br/></td><td style="margin: 0px; list-style: none; border-color: rgb(229, 229, 229);"><br/></td><td style="margin: 0px; list-style: none; border-color: rgb(229, 229, 229);"><br/></td><td style="margin: 0px; list-style: none; border-color: rgb(229, 229, 229);"><br/></td><td style="margin: 0px; list-style: none; border-color: rgb(229, 229, 229);">平均值</td></tr><tr><td style="margin: 0px; list-style: none; border-color: rgb(229, 229, 229);">backgruound</td><td style="margin: 0px; list-style: none; border-color: rgb(229, 229, 229);">3356</td><td style="margin: 0px; list-style: none; border-color: rgb(229, 229, 229);">3352</td><td style="margin: 0px; list-style: none; border-color: rgb(229, 229, 229);">3350</td><td style="margin: 0px; list-style: none; border-color: rgb(229, 229, 229);">3354</td><td style="margin: 0px; list-style: none; border-color: rgb(229, 229, 229);">3353</td><td style="margin: 0px; list-style: none; border-color: rgb(229, 229, 229);">3354</td><td style="margin: 0px; list-style: none; border-color: rgb(229, 229, 229);">3353</td><td style="margin: 0px; list-style: none; border-color: rgb(229, 229, 229);">3353</td><td style="margin: 0px; list-style: none; border-color: rgb(229, 229, 229);">3354</td><td style="margin: 0px; list-style: none; border-color: rgb(229, 229, 229);">3352</td><td style="margin: 0px; list-style: none; border-color: rgb(229, 229, 229);">3353.1</td></tr><tr><td style="margin: 0px; list-style: none; border-color: rgb(229, 229, 229);">img</td><td style="margin: 0px; list-style: none; border-color: rgb(229, 229, 229);">3216</td><td style="margin: 0px; list-style: none; border-color: rgb(229, 229, 229);">3238</td><td style="margin: 0px; list-style: none; border-color: rgb(229, 229, 229);">3224</td><td style="margin: 0px; list-style: none; border-color: rgb(229, 229, 229);">3224</td><td style="margin: 0px; list-style: none; border-color: rgb(229, 229, 229);">3230</td><td style="margin: 0px; list-style: none; border-color: rgb(229, 229, 229);">3222</td><td style="margin: 0px; list-style: none; border-color: rgb(229, 229, 229);">3225</td><td style="margin: 0px; list-style: none; border-color: rgb(229, 229, 229);">3229</td><td style="margin: 0px; list-style: none; border-color: rgb(229, 229, 229);">3212</td><td style="margin: 0px; list-style: none; border-color: rgb(229, 229, 229);">3215</td><td style="margin: 0px; list-style: none; border-color: rgb(229, 229, 229);">3223.5</td></tr></tbody></table><p style="margin: 20px auto; padding: 0px; list-style: none; color: rgb(51, 51, 51); font-family: &quot;Hiragino Sans GB&quot;, &quot;Helvetica neue&quot;, Helvetica, &quot;Microsoft Yahei&quot;, sans-serif; font-size: 14px; white-space: normal; background-color: rgb(255, 255, 255);">从上面的数据可以看出background页面和img页面加载速度差异不大，再结合前面所说的“img页面会比background页面大一些”，最终我们可以得到结论：<span style="color: rgb(255, 102, 0);">两者加载速度差异不大。在极端情况下，img页面实现方式会稍微快一些。</span></p><p><br/></p>', '2018-01-31 17:20:00', 'jsd', 0, 2, 0, 1),
	(12, 1, '提升用户体验：7大诱惑人心的微交互', '<p style="margin: 20px auto; padding: 0px; list-style: none; color: rgb(51, 51, 51); font-family: &quot;Hiragino Sans GB&quot;, &quot;Helvetica neue&quot;, Helvetica, &quot;Microsoft Yahei&quot;, sans-serif; font-size: 14px; white-space: normal; background-color: rgb(255, 255, 255);">动画的使用在交互设计中发挥着越来越重要的作用，尤其是在移动应用中，本文详细分析了动画在微交互中发挥的各种作用。众所周知，我们总是依据封面来判断书的好坏，聪明的设计师会创造实用有吸引力的界面。潜在用户可能会被吸引，但如何一直黏住他们呢？</p><p style="margin: 20px auto; padding: 0px; list-style: none; color: rgb(51, 51, 51); font-family: &quot;Hiragino Sans GB&quot;, &quot;Helvetica neue&quot;, Helvetica, &quot;Microsoft Yahei&quot;, sans-serif; font-size: 14px; white-space: normal; background-color: rgb(255, 255, 255);">要试着回答这个问题，所有一切都指向人本设计，其中用户是最主要的考量。以人为本：你的应用应该使用日常用语，包括情绪、口语，外观还要有一丝“诱惑力”。界面应当成为你的好朋友，时刻准备给出建议提升你的体验，让你会心一笑。</p><p style="margin: 20px auto; padding: 0px; list-style: none; color: rgb(51, 51, 51); font-family: &quot;Hiragino Sans GB&quot;, &quot;Helvetica neue&quot;, Helvetica, &quot;Microsoft Yahei&quot;, sans-serif; font-size: 14px; white-space: normal; background-color: rgb(255, 255, 255);">现在揭幕：是微交互在起作用。精确的说，这主要是界面附带的交互动画，使它更具表现力。优秀的动画能够：</p><ul style="list-style-type: none;" class=" list-paddingleft-2"><li><p>表达状态并提供反馈</p></li><li><p>提升直接的操纵感</p></li><li><p>将操作结果可视化</p></li></ul><p style="margin: 20px auto; padding: 0px; list-style: none; color: rgb(51, 51, 51); font-family: &quot;Hiragino Sans GB&quot;, &quot;Helvetica neue&quot;, Helvetica, &quot;Microsoft Yahei&quot;, sans-serif; font-size: 14px; white-space: normal; background-color: rgb(255, 255, 255);">在用户体验中，关键是你如何对待用户，还有他们使用产品时的感受。极小的细节都值得加倍留心。微交互提供了用户所需的反馈，表达了当前运行状况。无论背后逻辑有多么复杂，都能使界面更亲切。</p><h3 style="margin: 20px auto; padding: 0px; font-weight: bolder; line-height: 1.2; color: rgb(51, 51, 51); font-family: &quot;Hiragino Sans GB&quot;, &quot;Helvetica neue&quot;, Helvetica, &quot;Microsoft Yahei&quot;, sans-serif; white-space: normal; background-color: rgb(255, 255, 255);">1. 显示系统状态</h3><p style="margin: 20px auto; padding: 0px; list-style: none; color: rgb(51, 51, 51); font-family: &quot;Hiragino Sans GB&quot;, &quot;Helvetica neue&quot;, Helvetica, &quot;Microsoft Yahei&quot;, sans-serif; font-size: 14px; white-space: normal; background-color: rgb(255, 255, 255);">Jakob Nielsen在可用性原则启示第一条中描述：让用户始终知晓当前在发生什么。用户希望立马得到回应，但总有些情况下，网站需要一点时间等待操作完成。</p><p style="margin: 20px auto; padding: 0px; list-style: none; color: rgb(51, 51, 51); font-family: &quot;Hiragino Sans GB&quot;, &quot;Helvetica neue&quot;, Helvetica, &quot;Microsoft Yahei&quot;, sans-serif; font-size: 14px; white-space: normal; background-color: rgb(255, 255, 255);">那么，界面就应当在背景处显示图形，反映完成百分比。或是播放声音，让用户了解当前发生的事情。这个原则也关系到文件传输：不要让用户觉得无聊，给他们看进度条。即使是不太令人愉快的通知，比如传输失败，也应该以令人喜爱的方式展现。让你的用户微笑！</p><p><img src="http://localhost/share/article/upload/image/20180131/1517390513__260028484aceec9144c177b.png" title="1517390513__260028484aceec9144c177b.png" alt="260028484aceec9144c177b.png"/></p>', '2018-01-31 17:21:56', 'jsd', 0, 0, 0, 1),
	(13, 1, '提升用户体验：7大诱惑人心的微交互', '<p style="margin: 20px auto; padding: 0px; list-style: none; color: rgb(51, 51, 51); font-family: &quot;Hiragino Sans GB&quot;, &quot;Helvetica neue&quot;, Helvetica, &quot;Microsoft Yahei&quot;, sans-serif; font-size: 14px; white-space: normal; background-color: rgb(255, 255, 255);">动画的使用在交互设计中发挥着越来越重要的作用，尤其是在移动应用中，本文详细分析了动画在微交互中发挥的各种作用。众所周知，我们总是依据封面来判断书的好坏，聪明的设计师会创造实用有吸引力的界面。潜在用户可能会被吸引，但如何一直黏住他们呢？</p><p style="margin: 20px auto; padding: 0px; list-style: none; color: rgb(51, 51, 51); font-family: &quot;Hiragino Sans GB&quot;, &quot;Helvetica neue&quot;, Helvetica, &quot;Microsoft Yahei&quot;, sans-serif; font-size: 14px; white-space: normal; background-color: rgb(255, 255, 255);">要试着回答这个问题，所有一切都指向人本设计，其中用户是最主要的考量。以人为本：你的应用应该使用日常用语，包括情绪、口语，外观还要有一丝“诱惑力”。界面应当成为你的好朋友，时刻准备给出建议提升你的体验，让你会心一笑。</p><p style="margin: 20px auto; padding: 0px; list-style: none; color: rgb(51, 51, 51); font-family: &quot;Hiragino Sans GB&quot;, &quot;Helvetica neue&quot;, Helvetica, &quot;Microsoft Yahei&quot;, sans-serif; font-size: 14px; white-space: normal; background-color: rgb(255, 255, 255);">现在揭幕：是微交互在起作用。精确的说，这主要是界面附带的交互动画，使它更具表现力。优秀的动画能够：</p><ul style="list-style-type: none;" class=" list-paddingleft-2"><li><p>表达状态并提供反馈</p></li><li><p>提升直接的操纵感</p></li><li><p>将操作结果可视化</p></li></ul><p style="margin: 20px auto; padding: 0px; list-style: none; color: rgb(51, 51, 51); font-family: &quot;Hiragino Sans GB&quot;, &quot;Helvetica neue&quot;, Helvetica, &quot;Microsoft Yahei&quot;, sans-serif; font-size: 14px; white-space: normal; background-color: rgb(255, 255, 255);">在用户体验中，关键是你如何对待用户，还有他们使用产品时的感受。极小的细节都值得加倍留心。微交互提供了用户所需的反馈，表达了当前运行状况。无论背后逻辑有多么复杂，都能使界面更亲切。</p><h3 style="margin: 20px auto; padding: 0px; font-weight: bolder; line-height: 1.2; color: rgb(51, 51, 51); font-family: &quot;Hiragino Sans GB&quot;, &quot;Helvetica neue&quot;, Helvetica, &quot;Microsoft Yahei&quot;, sans-serif; white-space: normal; background-color: rgb(255, 255, 255);">1. 显示系统状态</h3><p style="margin: 20px auto; padding: 0px; list-style: none; color: rgb(51, 51, 51); font-family: &quot;Hiragino Sans GB&quot;, &quot;Helvetica neue&quot;, Helvetica, &quot;Microsoft Yahei&quot;, sans-serif; font-size: 14px; white-space: normal; background-color: rgb(255, 255, 255);">Jakob Nielsen在可用性原则启示第一条中描述：让用户始终知晓当前在发生什么。用户希望立马得到回应，但总有些情况下，网站需要一点时间等待操作完成。</p><p style="margin: 20px auto; padding: 0px; list-style: none; color: rgb(51, 51, 51); font-family: &quot;Hiragino Sans GB&quot;, &quot;Helvetica neue&quot;, Helvetica, &quot;Microsoft Yahei&quot;, sans-serif; font-size: 14px; white-space: normal; background-color: rgb(255, 255, 255);">那么，界面就应当在背景处显示图形，反映完成百分比。或是播放声音，让用户了解当前发生的事情。这个原则也关系到文件传输：不要让用户觉得无聊，给他们看进度条。即使是不太令人愉快的通知，比如传输失败，也应该以令人喜爱的方式展现。让你的用户微笑！</p><p><img src="http://localhost/share/article/upload/image/20180131/1517390513__260028484aceec9144c177b.png" title="1517390513__260028484aceec9144c177b.png" alt="260028484aceec9144c177b.png"/></p>', '2018-01-31 17:21:58', 'jsd', 0, 0, 0, 1),
	(14, 1, '提升用户体验：7大诱惑人心的微交互', '<p style="margin: 20px auto; padding: 0px; list-style: none; color: rgb(51, 51, 51); font-family: &quot;Hiragino Sans GB&quot;, &quot;Helvetica neue&quot;, Helvetica, &quot;Microsoft Yahei&quot;, sans-serif; font-size: 14px; white-space: normal; background-color: rgb(255, 255, 255);">动画的使用在交互设计中发挥着越来越重要的作用，尤其是在移动应用中，本文详细分析了动画在微交互中发挥的各种作用。众所周知，我们总是依据封面来判断书的好坏，聪明的设计师会创造实用有吸引力的界面。潜在用户可能会被吸引，但如何一直黏住他们呢？</p><p style="margin: 20px auto; padding: 0px; list-style: none; color: rgb(51, 51, 51); font-family: &quot;Hiragino Sans GB&quot;, &quot;Helvetica neue&quot;, Helvetica, &quot;Microsoft Yahei&quot;, sans-serif; font-size: 14px; white-space: normal; background-color: rgb(255, 255, 255);">要试着回答这个问题，所有一切都指向人本设计，其中用户是最主要的考量。以人为本：你的应用应该使用日常用语，包括情绪、口语，外观还要有一丝“诱惑力”。界面应当成为你的好朋友，时刻准备给出建议提升你的体验，让你会心一笑。</p><p style="margin: 20px auto; padding: 0px; list-style: none; color: rgb(51, 51, 51); font-family: &quot;Hiragino Sans GB&quot;, &quot;Helvetica neue&quot;, Helvetica, &quot;Microsoft Yahei&quot;, sans-serif; font-size: 14px; white-space: normal; background-color: rgb(255, 255, 255);">现在揭幕：是微交互在起作用。精确的说，这主要是界面附带的交互动画，使它更具表现力。优秀的动画能够：</p><ul style="list-style-type: none;" class=" list-paddingleft-2"><li><p>表达状态并提供反馈</p></li><li><p>提升直接的操纵感</p></li><li><p>将操作结果可视化</p></li></ul><p style="margin: 20px auto; padding: 0px; list-style: none; color: rgb(51, 51, 51); font-family: &quot;Hiragino Sans GB&quot;, &quot;Helvetica neue&quot;, Helvetica, &quot;Microsoft Yahei&quot;, sans-serif; font-size: 14px; white-space: normal; background-color: rgb(255, 255, 255);">在用户体验中，关键是你如何对待用户，还有他们使用产品时的感受。极小的细节都值得加倍留心。微交互提供了用户所需的反馈，表达了当前运行状况。无论背后逻辑有多么复杂，都能使界面更亲切。</p><h3 style="margin: 20px auto; padding: 0px; font-weight: bolder; line-height: 1.2; color: rgb(51, 51, 51); font-family: &quot;Hiragino Sans GB&quot;, &quot;Helvetica neue&quot;, Helvetica, &quot;Microsoft Yahei&quot;, sans-serif; white-space: normal; background-color: rgb(255, 255, 255);">1. 显示系统状态</h3><p style="margin: 20px auto; padding: 0px; list-style: none; color: rgb(51, 51, 51); font-family: &quot;Hiragino Sans GB&quot;, &quot;Helvetica neue&quot;, Helvetica, &quot;Microsoft Yahei&quot;, sans-serif; font-size: 14px; white-space: normal; background-color: rgb(255, 255, 255);">Jakob Nielsen在可用性原则启示第一条中描述：让用户始终知晓当前在发生什么。用户希望立马得到回应，但总有些情况下，网站需要一点时间等待操作完成。</p><p style="margin: 20px auto; padding: 0px; list-style: none; color: rgb(51, 51, 51); font-family: &quot;Hiragino Sans GB&quot;, &quot;Helvetica neue&quot;, Helvetica, &quot;Microsoft Yahei&quot;, sans-serif; font-size: 14px; white-space: normal; background-color: rgb(255, 255, 255);">那么，界面就应当在背景处显示图形，反映完成百分比。或是播放声音，让用户了解当前发生的事情。这个原则也关系到文件传输：不要让用户觉得无聊，给他们看进度条。即使是不太令人愉快的通知，比如传输失败，也应该以令人喜爱的方式展现。让你的用户微笑！</p><p><img src="http://localhost/share/article/upload/image/20180131/1517390513__260028484aceec9144c177b.png" title="1517390513__260028484aceec9144c177b.png" alt="260028484aceec9144c177b.png"/></p>', '2018-01-31 17:21:59', 'jsd', 0, 0, 0, 1),
	(15, 1, '提升用户体验：7大诱惑人心的微交互', '<p style="margin: 20px auto; padding: 0px; list-style: none; color: rgb(51, 51, 51); font-family: &quot;Hiragino Sans GB&quot;, &quot;Helvetica neue&quot;, Helvetica, &quot;Microsoft Yahei&quot;, sans-serif; font-size: 14px; white-space: normal; background-color: rgb(255, 255, 255);">动画的使用在交互设计中发挥着越来越重要的作用，尤其是在移动应用中，本文详细分析了动画在微交互中发挥的各种作用。众所周知，我们总是依据封面来判断书的好坏，聪明的设计师会创造实用有吸引力的界面。潜在用户可能会被吸引，但如何一直黏住他们呢？</p><p style="margin: 20px auto; padding: 0px; list-style: none; color: rgb(51, 51, 51); font-family: &quot;Hiragino Sans GB&quot;, &quot;Helvetica neue&quot;, Helvetica, &quot;Microsoft Yahei&quot;, sans-serif; font-size: 14px; white-space: normal; background-color: rgb(255, 255, 255);">要试着回答这个问题，所有一切都指向人本设计，其中用户是最主要的考量。以人为本：你的应用应该使用日常用语，包括情绪、口语，外观还要有一丝“诱惑力”。界面应当成为你的好朋友，时刻准备给出建议提升你的体验，让你会心一笑。</p><p style="margin: 20px auto; padding: 0px; list-style: none; color: rgb(51, 51, 51); font-family: &quot;Hiragino Sans GB&quot;, &quot;Helvetica neue&quot;, Helvetica, &quot;Microsoft Yahei&quot;, sans-serif; font-size: 14px; white-space: normal; background-color: rgb(255, 255, 255);">现在揭幕：是微交互在起作用。精确的说，这主要是界面附带的交互动画，使它更具表现力。优秀的动画能够：</p><ul style="list-style-type: none;" class=" list-paddingleft-2"><li><p>表达状态并提供反馈</p></li><li><p>提升直接的操纵感</p></li><li><p>将操作结果可视化</p></li></ul><p style="margin: 20px auto; padding: 0px; list-style: none; color: rgb(51, 51, 51); font-family: &quot;Hiragino Sans GB&quot;, &quot;Helvetica neue&quot;, Helvetica, &quot;Microsoft Yahei&quot;, sans-serif; font-size: 14px; white-space: normal; background-color: rgb(255, 255, 255);">在用户体验中，关键是你如何对待用户，还有他们使用产品时的感受。极小的细节都值得加倍留心。微交互提供了用户所需的反馈，表达了当前运行状况。无论背后逻辑有多么复杂，都能使界面更亲切。</p><h3 style="margin: 20px auto; padding: 0px; font-weight: bolder; line-height: 1.2; color: rgb(51, 51, 51); font-family: &quot;Hiragino Sans GB&quot;, &quot;Helvetica neue&quot;, Helvetica, &quot;Microsoft Yahei&quot;, sans-serif; white-space: normal; background-color: rgb(255, 255, 255);">1. 显示系统状态</h3><p style="margin: 20px auto; padding: 0px; list-style: none; color: rgb(51, 51, 51); font-family: &quot;Hiragino Sans GB&quot;, &quot;Helvetica neue&quot;, Helvetica, &quot;Microsoft Yahei&quot;, sans-serif; font-size: 14px; white-space: normal; background-color: rgb(255, 255, 255);">Jakob Nielsen在可用性原则启示第一条中描述：让用户始终知晓当前在发生什么。用户希望立马得到回应，但总有些情况下，网站需要一点时间等待操作完成。</p><p style="margin: 20px auto; padding: 0px; list-style: none; color: rgb(51, 51, 51); font-family: &quot;Hiragino Sans GB&quot;, &quot;Helvetica neue&quot;, Helvetica, &quot;Microsoft Yahei&quot;, sans-serif; font-size: 14px; white-space: normal; background-color: rgb(255, 255, 255);">那么，界面就应当在背景处显示图形，反映完成百分比。或是播放声音，让用户了解当前发生的事情。这个原则也关系到文件传输：不要让用户觉得无聊，给他们看进度条。即使是不太令人愉快的通知，比如传输失败，也应该以令人喜爱的方式展现。让你的用户微笑！</p><p><img src="http://localhost/share/article/upload/image/20180131/1517390513__260028484aceec9144c177b.png" title="1517390513__260028484aceec9144c177b.png" alt="260028484aceec9144c177b.png"/></p>', '2018-01-31 17:22:01', 'jsd', 0, 0, 0, 1),
	(16, 1, '提升用户体验：7大诱惑人心的微交互', '<p style="margin: 20px auto; padding: 0px; list-style: none; color: rgb(51, 51, 51); font-family: &quot;Hiragino Sans GB&quot;, &quot;Helvetica neue&quot;, Helvetica, &quot;Microsoft Yahei&quot;, sans-serif; font-size: 14px; white-space: normal; background-color: rgb(255, 255, 255);">动画的使用在交互设计中发挥着越来越重要的作用，尤其是在移动应用中，本文详细分析了动画在微交互中发挥的各种作用。众所周知，我们总是依据封面来判断书的好坏，聪明的设计师会创造实用有吸引力的界面。潜在用户可能会被吸引，但如何一直黏住他们呢？</p><p style="margin: 20px auto; padding: 0px; list-style: none; color: rgb(51, 51, 51); font-family: &quot;Hiragino Sans GB&quot;, &quot;Helvetica neue&quot;, Helvetica, &quot;Microsoft Yahei&quot;, sans-serif; font-size: 14px; white-space: normal; background-color: rgb(255, 255, 255);">要试着回答这个问题，所有一切都指向人本设计，其中用户是最主要的考量。以人为本：你的应用应该使用日常用语，包括情绪、口语，外观还要有一丝“诱惑力”。界面应当成为你的好朋友，时刻准备给出建议提升你的体验，让你会心一笑。</p><p style="margin: 20px auto; padding: 0px; list-style: none; color: rgb(51, 51, 51); font-family: &quot;Hiragino Sans GB&quot;, &quot;Helvetica neue&quot;, Helvetica, &quot;Microsoft Yahei&quot;, sans-serif; font-size: 14px; white-space: normal; background-color: rgb(255, 255, 255);">现在揭幕：是微交互在起作用。精确的说，这主要是界面附带的交互动画，使它更具表现力。优秀的动画能够：</p><ul style="list-style-type: none;" class=" list-paddingleft-2"><li><p>表达状态并提供反馈</p></li><li><p>提升直接的操纵感</p></li><li><p>将操作结果可视化</p></li></ul><p style="margin: 20px auto; padding: 0px; list-style: none; color: rgb(51, 51, 51); font-family: &quot;Hiragino Sans GB&quot;, &quot;Helvetica neue&quot;, Helvetica, &quot;Microsoft Yahei&quot;, sans-serif; font-size: 14px; white-space: normal; background-color: rgb(255, 255, 255);">在用户体验中，关键是你如何对待用户，还有他们使用产品时的感受。极小的细节都值得加倍留心。微交互提供了用户所需的反馈，表达了当前运行状况。无论背后逻辑有多么复杂，都能使界面更亲切。</p><h3 style="margin: 20px auto; padding: 0px; font-weight: bolder; line-height: 1.2; color: rgb(51, 51, 51); font-family: &quot;Hiragino Sans GB&quot;, &quot;Helvetica neue&quot;, Helvetica, &quot;Microsoft Yahei&quot;, sans-serif; white-space: normal; background-color: rgb(255, 255, 255);">1. 显示系统状态</h3><p style="margin: 20px auto; padding: 0px; list-style: none; color: rgb(51, 51, 51); font-family: &quot;Hiragino Sans GB&quot;, &quot;Helvetica neue&quot;, Helvetica, &quot;Microsoft Yahei&quot;, sans-serif; font-size: 14px; white-space: normal; background-color: rgb(255, 255, 255);">Jakob Nielsen在可用性原则启示第一条中描述：让用户始终知晓当前在发生什么。用户希望立马得到回应，但总有些情况下，网站需要一点时间等待操作完成。</p><p style="margin: 20px auto; padding: 0px; list-style: none; color: rgb(51, 51, 51); font-family: &quot;Hiragino Sans GB&quot;, &quot;Helvetica neue&quot;, Helvetica, &quot;Microsoft Yahei&quot;, sans-serif; font-size: 14px; white-space: normal; background-color: rgb(255, 255, 255);">那么，界面就应当在背景处显示图形，反映完成百分比。或是播放声音，让用户了解当前发生的事情。这个原则也关系到文件传输：不要让用户觉得无聊，给他们看进度条。即使是不太令人愉快的通知，比如传输失败，也应该以令人喜爱的方式展现。让你的用户微笑！</p><p><img src="http://localhost/share/article/upload/image/20180131/1517390513__260028484aceec9144c177b.png" title="1517390513__260028484aceec9144c177b.png" alt="260028484aceec9144c177b.png"/></p>', '2018-01-31 17:22:32', 'jsd', 0, 0, 0, 1),
	(17, 1, '提升用户体验：7大诱惑人心的微交互', '<p style="margin: 20px auto; padding: 0px; list-style: none; color: rgb(51, 51, 51); font-family: &quot;Hiragino Sans GB&quot;, &quot;Helvetica neue&quot;, Helvetica, &quot;Microsoft Yahei&quot;, sans-serif; font-size: 14px; white-space: normal; background-color: rgb(255, 255, 255);">动画的使用在交互设计中发挥着越来越重要的作用，尤其是在移动应用中，本文详细分析了动画在微交互中发挥的各种作用。众所周知，我们总是依据封面来判断书的好坏，聪明的设计师会创造实用有吸引力的界面。潜在用户可能会被吸引，但如何一直黏住他们呢？</p><p style="margin: 20px auto; padding: 0px; list-style: none; color: rgb(51, 51, 51); font-family: &quot;Hiragino Sans GB&quot;, &quot;Helvetica neue&quot;, Helvetica, &quot;Microsoft Yahei&quot;, sans-serif; font-size: 14px; white-space: normal; background-color: rgb(255, 255, 255);">要试着回答这个问题，所有一切都指向人本设计，其中用户是最主要的考量。以人为本：你的应用应该使用日常用语，包括情绪、口语，外观还要有一丝“诱惑力”。界面应当成为你的好朋友，时刻准备给出建议提升你的体验，让你会心一笑。</p><p style="margin: 20px auto; padding: 0px; list-style: none; color: rgb(51, 51, 51); font-family: &quot;Hiragino Sans GB&quot;, &quot;Helvetica neue&quot;, Helvetica, &quot;Microsoft Yahei&quot;, sans-serif; font-size: 14px; white-space: normal; background-color: rgb(255, 255, 255);">现在揭幕：是微交互在起作用。精确的说，这主要是界面附带的交互动画，使它更具表现力。优秀的动画能够：</p><ul style="list-style-type: none;" class=" list-paddingleft-2"><li><p>表达状态并提供反馈</p></li><li><p>提升直接的操纵感</p></li><li><p>将操作结果可视化</p></li></ul><p style="margin: 20px auto; padding: 0px; list-style: none; color: rgb(51, 51, 51); font-family: &quot;Hiragino Sans GB&quot;, &quot;Helvetica neue&quot;, Helvetica, &quot;Microsoft Yahei&quot;, sans-serif; font-size: 14px; white-space: normal; background-color: rgb(255, 255, 255);">在用户体验中，关键是你如何对待用户，还有他们使用产品时的感受。极小的细节都值得加倍留心。微交互提供了用户所需的反馈，表达了当前运行状况。无论背后逻辑有多么复杂，都能使界面更亲切。</p><h3 style="margin: 20px auto; padding: 0px; font-weight: bolder; line-height: 1.2; color: rgb(51, 51, 51); font-family: &quot;Hiragino Sans GB&quot;, &quot;Helvetica neue&quot;, Helvetica, &quot;Microsoft Yahei&quot;, sans-serif; white-space: normal; background-color: rgb(255, 255, 255);">1. 显示系统状态</h3><p style="margin: 20px auto; padding: 0px; list-style: none; color: rgb(51, 51, 51); font-family: &quot;Hiragino Sans GB&quot;, &quot;Helvetica neue&quot;, Helvetica, &quot;Microsoft Yahei&quot;, sans-serif; font-size: 14px; white-space: normal; background-color: rgb(255, 255, 255);">Jakob Nielsen在可用性原则启示第一条中描述：让用户始终知晓当前在发生什么。用户希望立马得到回应，但总有些情况下，网站需要一点时间等待操作完成。</p><p style="margin: 20px auto; padding: 0px; list-style: none; color: rgb(51, 51, 51); font-family: &quot;Hiragino Sans GB&quot;, &quot;Helvetica neue&quot;, Helvetica, &quot;Microsoft Yahei&quot;, sans-serif; font-size: 14px; white-space: normal; background-color: rgb(255, 255, 255);">那么，界面就应当在背景处显示图形，反映完成百分比。或是播放声音，让用户了解当前发生的事情。这个原则也关系到文件传输：不要让用户觉得无聊，给他们看进度条。即使是不太令人愉快的通知，比如传输失败，也应该以令人喜爱的方式展现。让你的用户微笑！</p><p><img src="http://localhost/share/article/upload/image/20180131/1517390513__260028484aceec9144c177b.png" title="1517390513__260028484aceec9144c177b.png" alt="260028484aceec9144c177b.png"/></p>', '2018-01-31 17:22:35', 'jsd', 0, 0, 0, 1),
	(18, 1, '提升用户体验：7大诱惑人心的微交互', '<p style="margin: 20px auto; padding: 0px; list-style: none; color: rgb(51, 51, 51); font-family: &quot;Hiragino Sans GB&quot;, &quot;Helvetica neue&quot;, Helvetica, &quot;Microsoft Yahei&quot;, sans-serif; font-size: 14px; white-space: normal; background-color: rgb(255, 255, 255);">动画的使用在交互设计中发挥着越来越重要的作用，尤其是在移动应用中，本文详细分析了动画在微交互中发挥的各种作用。众所周知，我们总是依据封面来判断书的好坏，聪明的设计师会创造实用有吸引力的界面。潜在用户可能会被吸引，但如何一直黏住他们呢？</p><p style="margin: 20px auto; padding: 0px; list-style: none; color: rgb(51, 51, 51); font-family: &quot;Hiragino Sans GB&quot;, &quot;Helvetica neue&quot;, Helvetica, &quot;Microsoft Yahei&quot;, sans-serif; font-size: 14px; white-space: normal; background-color: rgb(255, 255, 255);">要试着回答这个问题，所有一切都指向人本设计，其中用户是最主要的考量。以人为本：你的应用应该使用日常用语，包括情绪、口语，外观还要有一丝“诱惑力”。界面应当成为你的好朋友，时刻准备给出建议提升你的体验，让你会心一笑。</p><p style="margin: 20px auto; padding: 0px; list-style: none; color: rgb(51, 51, 51); font-family: &quot;Hiragino Sans GB&quot;, &quot;Helvetica neue&quot;, Helvetica, &quot;Microsoft Yahei&quot;, sans-serif; font-size: 14px; white-space: normal; background-color: rgb(255, 255, 255);">现在揭幕：是微交互在起作用。精确的说，这主要是界面附带的交互动画，使它更具表现力。优秀的动画能够：</p><ul style="list-style-type: none;" class=" list-paddingleft-2"><li><p>表达状态并提供反馈</p></li><li><p>提升直接的操纵感</p></li><li><p>将操作结果可视化</p></li></ul><p style="margin: 20px auto; padding: 0px; list-style: none; color: rgb(51, 51, 51); font-family: &quot;Hiragino Sans GB&quot;, &quot;Helvetica neue&quot;, Helvetica, &quot;Microsoft Yahei&quot;, sans-serif; font-size: 14px; white-space: normal; background-color: rgb(255, 255, 255);">在用户体验中，关键是你如何对待用户，还有他们使用产品时的感受。极小的细节都值得加倍留心。微交互提供了用户所需的反馈，表达了当前运行状况。无论背后逻辑有多么复杂，都能使界面更亲切。</p><h3 style="margin: 20px auto; padding: 0px; font-weight: bolder; line-height: 1.2; color: rgb(51, 51, 51); font-family: &quot;Hiragino Sans GB&quot;, &quot;Helvetica neue&quot;, Helvetica, &quot;Microsoft Yahei&quot;, sans-serif; white-space: normal; background-color: rgb(255, 255, 255);">1. 显示系统状态</h3><p style="margin: 20px auto; padding: 0px; list-style: none; color: rgb(51, 51, 51); font-family: &quot;Hiragino Sans GB&quot;, &quot;Helvetica neue&quot;, Helvetica, &quot;Microsoft Yahei&quot;, sans-serif; font-size: 14px; white-space: normal; background-color: rgb(255, 255, 255);">Jakob Nielsen在可用性原则启示第一条中描述：让用户始终知晓当前在发生什么。用户希望立马得到回应，但总有些情况下，网站需要一点时间等待操作完成。</p><p style="margin: 20px auto; padding: 0px; list-style: none; color: rgb(51, 51, 51); font-family: &quot;Hiragino Sans GB&quot;, &quot;Helvetica neue&quot;, Helvetica, &quot;Microsoft Yahei&quot;, sans-serif; font-size: 14px; white-space: normal; background-color: rgb(255, 255, 255);">那么，界面就应当在背景处显示图形，反映完成百分比。或是播放声音，让用户了解当前发生的事情。这个原则也关系到文件传输：不要让用户觉得无聊，给他们看进度条。即使是不太令人愉快的通知，比如传输失败，也应该以令人喜爱的方式展现。让你的用户微笑！</p><p><img src="http://localhost/share/article/upload/image/20180131/1517390513__260028484aceec9144c177b.png" title="1517390513__260028484aceec9144c177b.png" alt="260028484aceec9144c177b.png"/></p>', '2018-01-31 17:22:36', 'jsd', 0, 0, 0, 1),
	(19, 1, '提升用户体验：7大诱惑人心的微交互', '<p style="margin: 20px auto; padding: 0px; list-style: none; color: rgb(51, 51, 51); font-family: &quot;Hiragino Sans GB&quot;, &quot;Helvetica neue&quot;, Helvetica, &quot;Microsoft Yahei&quot;, sans-serif; font-size: 14px; white-space: normal; background-color: rgb(255, 255, 255);">动画的使用在交互设计中发挥着越来越重要的作用，尤其是在移动应用中，本文详细分析了动画在微交互中发挥的各种作用。众所周知，我们总是依据封面来判断书的好坏，聪明的设计师会创造实用有吸引力的界面。潜在用户可能会被吸引，但如何一直黏住他们呢？</p><p style="margin: 20px auto; padding: 0px; list-style: none; color: rgb(51, 51, 51); font-family: &quot;Hiragino Sans GB&quot;, &quot;Helvetica neue&quot;, Helvetica, &quot;Microsoft Yahei&quot;, sans-serif; font-size: 14px; white-space: normal; background-color: rgb(255, 255, 255);">要试着回答这个问题，所有一切都指向人本设计，其中用户是最主要的考量。以人为本：你的应用应该使用日常用语，包括情绪、口语，外观还要有一丝“诱惑力”。界面应当成为你的好朋友，时刻准备给出建议提升你的体验，让你会心一笑。</p><p style="margin: 20px auto; padding: 0px; list-style: none; color: rgb(51, 51, 51); font-family: &quot;Hiragino Sans GB&quot;, &quot;Helvetica neue&quot;, Helvetica, &quot;Microsoft Yahei&quot;, sans-serif; font-size: 14px; white-space: normal; background-color: rgb(255, 255, 255);">现在揭幕：是微交互在起作用。精确的说，这主要是界面附带的交互动画，使它更具表现力。优秀的动画能够：</p><ul style="list-style-type: none;" class=" list-paddingleft-2"><li><p>表达状态并提供反馈</p></li><li><p>提升直接的操纵感</p></li><li><p>将操作结果可视化</p></li></ul><p style="margin: 20px auto; padding: 0px; list-style: none; color: rgb(51, 51, 51); font-family: &quot;Hiragino Sans GB&quot;, &quot;Helvetica neue&quot;, Helvetica, &quot;Microsoft Yahei&quot;, sans-serif; font-size: 14px; white-space: normal; background-color: rgb(255, 255, 255);">在用户体验中，关键是你如何对待用户，还有他们使用产品时的感受。极小的细节都值得加倍留心。微交互提供了用户所需的反馈，表达了当前运行状况。无论背后逻辑有多么复杂，都能使界面更亲切。</p><h3 style="margin: 20px auto; padding: 0px; font-weight: bolder; line-height: 1.2; color: rgb(51, 51, 51); font-family: &quot;Hiragino Sans GB&quot;, &quot;Helvetica neue&quot;, Helvetica, &quot;Microsoft Yahei&quot;, sans-serif; white-space: normal; background-color: rgb(255, 255, 255);">1. 显示系统状态</h3><p style="margin: 20px auto; padding: 0px; list-style: none; color: rgb(51, 51, 51); font-family: &quot;Hiragino Sans GB&quot;, &quot;Helvetica neue&quot;, Helvetica, &quot;Microsoft Yahei&quot;, sans-serif; font-size: 14px; white-space: normal; background-color: rgb(255, 255, 255);">Jakob Nielsen在可用性原则启示第一条中描述：让用户始终知晓当前在发生什么。用户希望立马得到回应，但总有些情况下，网站需要一点时间等待操作完成。</p><p style="margin: 20px auto; padding: 0px; list-style: none; color: rgb(51, 51, 51); font-family: &quot;Hiragino Sans GB&quot;, &quot;Helvetica neue&quot;, Helvetica, &quot;Microsoft Yahei&quot;, sans-serif; font-size: 14px; white-space: normal; background-color: rgb(255, 255, 255);">那么，界面就应当在背景处显示图形，反映完成百分比。或是播放声音，让用户了解当前发生的事情。这个原则也关系到文件传输：不要让用户觉得无聊，给他们看进度条。即使是不太令人愉快的通知，比如传输失败，也应该以令人喜爱的方式展现。让你的用户微笑！</p><p><img src="http://localhost/share/article/upload/image/20180131/1517390513__260028484aceec9144c177b.png" title="1517390513__260028484aceec9144c177b.png" alt="260028484aceec9144c177b.png"/></p>', '2018-01-31 17:22:38', 'jsd', 0, 0, 0, 1),
	(20, 1, '提升用户体验：7大诱惑人心的微交互', '<p style="margin: 20px auto; padding: 0px; list-style: none; color: rgb(51, 51, 51); font-family: &quot;Hiragino Sans GB&quot;, &quot;Helvetica neue&quot;, Helvetica, &quot;Microsoft Yahei&quot;, sans-serif; font-size: 14px; white-space: normal; background-color: rgb(255, 255, 255);">动画的使用在交互设计中发挥着越来越重要的作用，尤其是在移动应用中，本文详细分析了动画在微交互中发挥的各种作用。众所周知，我们总是依据封面来判断书的好坏，聪明的设计师会创造实用有吸引力的界面。潜在用户可能会被吸引，但如何一直黏住他们呢？</p><p style="margin: 20px auto; padding: 0px; list-style: none; color: rgb(51, 51, 51); font-family: &quot;Hiragino Sans GB&quot;, &quot;Helvetica neue&quot;, Helvetica, &quot;Microsoft Yahei&quot;, sans-serif; font-size: 14px; white-space: normal; background-color: rgb(255, 255, 255);">要试着回答这个问题，所有一切都指向人本设计，其中用户是最主要的考量。以人为本：你的应用应该使用日常用语，包括情绪、口语，外观还要有一丝“诱惑力”。界面应当成为你的好朋友，时刻准备给出建议提升你的体验，让你会心一笑。</p><p style="margin: 20px auto; padding: 0px; list-style: none; color: rgb(51, 51, 51); font-family: &quot;Hiragino Sans GB&quot;, &quot;Helvetica neue&quot;, Helvetica, &quot;Microsoft Yahei&quot;, sans-serif; font-size: 14px; white-space: normal; background-color: rgb(255, 255, 255);">现在揭幕：是微交互在起作用。精确的说，这主要是界面附带的交互动画，使它更具表现力。优秀的动画能够：</p><ul style="list-style-type: none;" class=" list-paddingleft-2"><li><p>表达状态并提供反馈</p></li><li><p>提升直接的操纵感</p></li><li><p>将操作结果可视化</p></li></ul><p style="margin: 20px auto; padding: 0px; list-style: none; color: rgb(51, 51, 51); font-family: &quot;Hiragino Sans GB&quot;, &quot;Helvetica neue&quot;, Helvetica, &quot;Microsoft Yahei&quot;, sans-serif; font-size: 14px; white-space: normal; background-color: rgb(255, 255, 255);">在用户体验中，关键是你如何对待用户，还有他们使用产品时的感受。极小的细节都值得加倍留心。微交互提供了用户所需的反馈，表达了当前运行状况。无论背后逻辑有多么复杂，都能使界面更亲切。</p><h3 style="margin: 20px auto; padding: 0px; font-weight: bolder; line-height: 1.2; color: rgb(51, 51, 51); font-family: &quot;Hiragino Sans GB&quot;, &quot;Helvetica neue&quot;, Helvetica, &quot;Microsoft Yahei&quot;, sans-serif; white-space: normal; background-color: rgb(255, 255, 255);">1. 显示系统状态</h3><p style="margin: 20px auto; padding: 0px; list-style: none; color: rgb(51, 51, 51); font-family: &quot;Hiragino Sans GB&quot;, &quot;Helvetica neue&quot;, Helvetica, &quot;Microsoft Yahei&quot;, sans-serif; font-size: 14px; white-space: normal; background-color: rgb(255, 255, 255);">Jakob Nielsen在可用性原则启示第一条中描述：让用户始终知晓当前在发生什么。用户希望立马得到回应，但总有些情况下，网站需要一点时间等待操作完成。</p><p style="margin: 20px auto; padding: 0px; list-style: none; color: rgb(51, 51, 51); font-family: &quot;Hiragino Sans GB&quot;, &quot;Helvetica neue&quot;, Helvetica, &quot;Microsoft Yahei&quot;, sans-serif; font-size: 14px; white-space: normal; background-color: rgb(255, 255, 255);">那么，界面就应当在背景处显示图形，反映完成百分比。或是播放声音，让用户了解当前发生的事情。这个原则也关系到文件传输：不要让用户觉得无聊，给他们看进度条。即使是不太令人愉快的通知，比如传输失败，也应该以令人喜爱的方式展现。让你的用户微笑！</p><p><img src="http://localhost/share/article/upload/image/20180131/1517390513__260028484aceec9144c177b.png" title="1517390513__260028484aceec9144c177b.png" alt="260028484aceec9144c177b.png"/></p>', '2018-01-31 17:22:39', 'jsd', 0, 0, 0, 1),
	(21, 1, '提升用户体验：7大诱惑人心的微交互', '<p style="margin: 20px auto; padding: 0px; list-style: none; color: rgb(51, 51, 51); font-family: &quot;Hiragino Sans GB&quot;, &quot;Helvetica neue&quot;, Helvetica, &quot;Microsoft Yahei&quot;, sans-serif; font-size: 14px; white-space: normal; background-color: rgb(255, 255, 255);">动画的使用在交互设计中发挥着越来越重要的作用，尤其是在移动应用中，本文详细分析了动画在微交互中发挥的各种作用。众所周知，我们总是依据封面来判断书的好坏，聪明的设计师会创造实用有吸引力的界面。潜在用户可能会被吸引，但如何一直黏住他们呢？</p><p style="margin: 20px auto; padding: 0px; list-style: none; color: rgb(51, 51, 51); font-family: &quot;Hiragino Sans GB&quot;, &quot;Helvetica neue&quot;, Helvetica, &quot;Microsoft Yahei&quot;, sans-serif; font-size: 14px; white-space: normal; background-color: rgb(255, 255, 255);">要试着回答这个问题，所有一切都指向人本设计，其中用户是最主要的考量。以人为本：你的应用应该使用日常用语，包括情绪、口语，外观还要有一丝“诱惑力”。界面应当成为你的好朋友，时刻准备给出建议提升你的体验，让你会心一笑。</p><p style="margin: 20px auto; padding: 0px; list-style: none; color: rgb(51, 51, 51); font-family: &quot;Hiragino Sans GB&quot;, &quot;Helvetica neue&quot;, Helvetica, &quot;Microsoft Yahei&quot;, sans-serif; font-size: 14px; white-space: normal; background-color: rgb(255, 255, 255);">现在揭幕：是微交互在起作用。精确的说，这主要是界面附带的交互动画，使它更具表现力。优秀的动画能够：</p><ul style="list-style-type: none;" class=" list-paddingleft-2"><li><p>表达状态并提供反馈</p></li><li><p>提升直接的操纵感</p></li><li><p>将操作结果可视化</p></li></ul><p style="margin: 20px auto; padding: 0px; list-style: none; color: rgb(51, 51, 51); font-family: &quot;Hiragino Sans GB&quot;, &quot;Helvetica neue&quot;, Helvetica, &quot;Microsoft Yahei&quot;, sans-serif; font-size: 14px; white-space: normal; background-color: rgb(255, 255, 255);">在用户体验中，关键是你如何对待用户，还有他们使用产品时的感受。极小的细节都值得加倍留心。微交互提供了用户所需的反馈，表达了当前运行状况。无论背后逻辑有多么复杂，都能使界面更亲切。</p><h3 style="margin: 20px auto; padding: 0px; font-weight: bolder; line-height: 1.2; color: rgb(51, 51, 51); font-family: &quot;Hiragino Sans GB&quot;, &quot;Helvetica neue&quot;, Helvetica, &quot;Microsoft Yahei&quot;, sans-serif; white-space: normal; background-color: rgb(255, 255, 255);">1. 显示系统状态</h3><p style="margin: 20px auto; padding: 0px; list-style: none; color: rgb(51, 51, 51); font-family: &quot;Hiragino Sans GB&quot;, &quot;Helvetica neue&quot;, Helvetica, &quot;Microsoft Yahei&quot;, sans-serif; font-size: 14px; white-space: normal; background-color: rgb(255, 255, 255);">Jakob Nielsen在可用性原则启示第一条中描述：让用户始终知晓当前在发生什么。用户希望立马得到回应，但总有些情况下，网站需要一点时间等待操作完成。</p><p style="margin: 20px auto; padding: 0px; list-style: none; color: rgb(51, 51, 51); font-family: &quot;Hiragino Sans GB&quot;, &quot;Helvetica neue&quot;, Helvetica, &quot;Microsoft Yahei&quot;, sans-serif; font-size: 14px; white-space: normal; background-color: rgb(255, 255, 255);">那么，界面就应当在背景处显示图形，反映完成百分比。或是播放声音，让用户了解当前发生的事情。这个原则也关系到文件传输：不要让用户觉得无聊，给他们看进度条。即使是不太令人愉快的通知，比如传输失败，也应该以令人喜爱的方式展现。让你的用户微笑！</p><p><img src="http://localhost/share/article/upload/image/20180131/1517390513__260028484aceec9144c177b.png" title="1517390513__260028484aceec9144c177b.png" alt="260028484aceec9144c177b.png"/></p>', '2018-01-31 17:22:40', 'jsd', 0, 0, 0, 1),
	(22, 1, '提升用户体验：7大诱惑人心的微交互', '<p style="margin: 20px auto; padding: 0px; list-style: none; color: rgb(51, 51, 51); font-family: &quot;Hiragino Sans GB&quot;, &quot;Helvetica neue&quot;, Helvetica, &quot;Microsoft Yahei&quot;, sans-serif; font-size: 14px; white-space: normal; background-color: rgb(255, 255, 255);">动画的使用在交互设计中发挥着越来越重要的作用，尤其是在移动应用中，本文详细分析了动画在微交互中发挥的各种作用。众所周知，我们总是依据封面来判断书的好坏，聪明的设计师会创造实用有吸引力的界面。潜在用户可能会被吸引，但如何一直黏住他们呢？</p><p style="margin: 20px auto; padding: 0px; list-style: none; color: rgb(51, 51, 51); font-family: &quot;Hiragino Sans GB&quot;, &quot;Helvetica neue&quot;, Helvetica, &quot;Microsoft Yahei&quot;, sans-serif; font-size: 14px; white-space: normal; background-color: rgb(255, 255, 255);">要试着回答这个问题，所有一切都指向人本设计，其中用户是最主要的考量。以人为本：你的应用应该使用日常用语，包括情绪、口语，外观还要有一丝“诱惑力”。界面应当成为你的好朋友，时刻准备给出建议提升你的体验，让你会心一笑。</p><p style="margin: 20px auto; padding: 0px; list-style: none; color: rgb(51, 51, 51); font-family: &quot;Hiragino Sans GB&quot;, &quot;Helvetica neue&quot;, Helvetica, &quot;Microsoft Yahei&quot;, sans-serif; font-size: 14px; white-space: normal; background-color: rgb(255, 255, 255);">现在揭幕：是微交互在起作用。精确的说，这主要是界面附带的交互动画，使它更具表现力。优秀的动画能够：</p><ul style="list-style-type: none;" class=" list-paddingleft-2"><li><p>表达状态并提供反馈</p></li><li><p>提升直接的操纵感</p></li><li><p>将操作结果可视化</p></li></ul><p style="margin: 20px auto; padding: 0px; list-style: none; color: rgb(51, 51, 51); font-family: &quot;Hiragino Sans GB&quot;, &quot;Helvetica neue&quot;, Helvetica, &quot;Microsoft Yahei&quot;, sans-serif; font-size: 14px; white-space: normal; background-color: rgb(255, 255, 255);">在用户体验中，关键是你如何对待用户，还有他们使用产品时的感受。极小的细节都值得加倍留心。微交互提供了用户所需的反馈，表达了当前运行状况。无论背后逻辑有多么复杂，都能使界面更亲切。</p><h3 style="margin: 20px auto; padding: 0px; font-weight: bolder; line-height: 1.2; color: rgb(51, 51, 51); font-family: &quot;Hiragino Sans GB&quot;, &quot;Helvetica neue&quot;, Helvetica, &quot;Microsoft Yahei&quot;, sans-serif; white-space: normal; background-color: rgb(255, 255, 255);">1. 显示系统状态</h3><p style="margin: 20px auto; padding: 0px; list-style: none; color: rgb(51, 51, 51); font-family: &quot;Hiragino Sans GB&quot;, &quot;Helvetica neue&quot;, Helvetica, &quot;Microsoft Yahei&quot;, sans-serif; font-size: 14px; white-space: normal; background-color: rgb(255, 255, 255);">Jakob Nielsen在可用性原则启示第一条中描述：让用户始终知晓当前在发生什么。用户希望立马得到回应，但总有些情况下，网站需要一点时间等待操作完成。</p><p style="margin: 20px auto; padding: 0px; list-style: none; color: rgb(51, 51, 51); font-family: &quot;Hiragino Sans GB&quot;, &quot;Helvetica neue&quot;, Helvetica, &quot;Microsoft Yahei&quot;, sans-serif; font-size: 14px; white-space: normal; background-color: rgb(255, 255, 255);">那么，界面就应当在背景处显示图形，反映完成百分比。或是播放声音，让用户了解当前发生的事情。这个原则也关系到文件传输：不要让用户觉得无聊，给他们看进度条。即使是不太令人愉快的通知，比如传输失败，也应该以令人喜爱的方式展现。让你的用户微笑！</p><p><img src="http://localhost/share/article/upload/image/20180131/1517390513__260028484aceec9144c177b.png" title="1517390513__260028484aceec9144c177b.png" alt="260028484aceec9144c177b.png"/></p>', '2018-01-31 17:22:44', 'jsd', 0, 0, 0, 1),
	(23, 1, '提升用户体验：7大诱惑人心的微交互', '<p style="margin: 20px auto; padding: 0px; list-style: none; color: rgb(51, 51, 51); font-family: &quot;Hiragino Sans GB&quot;, &quot;Helvetica neue&quot;, Helvetica, &quot;Microsoft Yahei&quot;, sans-serif; font-size: 14px; white-space: normal; background-color: rgb(255, 255, 255);">动画的使用在交互设计中发挥着越来越重要的作用，尤其是在移动应用中，本文详细分析了动画在微交互中发挥的各种作用。众所周知，我们总是依据封面来判断书的好坏，聪明的设计师会创造实用有吸引力的界面。潜在用户可能会被吸引，但如何一直黏住他们呢？</p><p style="margin: 20px auto; padding: 0px; list-style: none; color: rgb(51, 51, 51); font-family: &quot;Hiragino Sans GB&quot;, &quot;Helvetica neue&quot;, Helvetica, &quot;Microsoft Yahei&quot;, sans-serif; font-size: 14px; white-space: normal; background-color: rgb(255, 255, 255);">要试着回答这个问题，所有一切都指向人本设计，其中用户是最主要的考量。以人为本：你的应用应该使用日常用语，包括情绪、口语，外观还要有一丝“诱惑力”。界面应当成为你的好朋友，时刻准备给出建议提升你的体验，让你会心一笑。</p><p style="margin: 20px auto; padding: 0px; list-style: none; color: rgb(51, 51, 51); font-family: &quot;Hiragino Sans GB&quot;, &quot;Helvetica neue&quot;, Helvetica, &quot;Microsoft Yahei&quot;, sans-serif; font-size: 14px; white-space: normal; background-color: rgb(255, 255, 255);">现在揭幕：是微交互在起作用。精确的说，这主要是界面附带的交互动画，使它更具表现力。优秀的动画能够：</p><ul style="list-style-type: none;" class=" list-paddingleft-2"><li><p>表达状态并提供反馈</p></li><li><p>提升直接的操纵感</p></li><li><p>将操作结果可视化</p></li></ul><p style="margin: 20px auto; padding: 0px; list-style: none; color: rgb(51, 51, 51); font-family: &quot;Hiragino Sans GB&quot;, &quot;Helvetica neue&quot;, Helvetica, &quot;Microsoft Yahei&quot;, sans-serif; font-size: 14px; white-space: normal; background-color: rgb(255, 255, 255);">在用户体验中，关键是你如何对待用户，还有他们使用产品时的感受。极小的细节都值得加倍留心。微交互提供了用户所需的反馈，表达了当前运行状况。无论背后逻辑有多么复杂，都能使界面更亲切。</p><h3 style="margin: 20px auto; padding: 0px; font-weight: bolder; line-height: 1.2; color: rgb(51, 51, 51); font-family: &quot;Hiragino Sans GB&quot;, &quot;Helvetica neue&quot;, Helvetica, &quot;Microsoft Yahei&quot;, sans-serif; white-space: normal; background-color: rgb(255, 255, 255);">1. 显示系统状态</h3><p style="margin: 20px auto; padding: 0px; list-style: none; color: rgb(51, 51, 51); font-family: &quot;Hiragino Sans GB&quot;, &quot;Helvetica neue&quot;, Helvetica, &quot;Microsoft Yahei&quot;, sans-serif; font-size: 14px; white-space: normal; background-color: rgb(255, 255, 255);">Jakob Nielsen在可用性原则启示第一条中描述：让用户始终知晓当前在发生什么。用户希望立马得到回应，但总有些情况下，网站需要一点时间等待操作完成。</p><p style="margin: 20px auto; padding: 0px; list-style: none; color: rgb(51, 51, 51); font-family: &quot;Hiragino Sans GB&quot;, &quot;Helvetica neue&quot;, Helvetica, &quot;Microsoft Yahei&quot;, sans-serif; font-size: 14px; white-space: normal; background-color: rgb(255, 255, 255);">那么，界面就应当在背景处显示图形，反映完成百分比。或是播放声音，让用户了解当前发生的事情。这个原则也关系到文件传输：不要让用户觉得无聊，给他们看进度条。即使是不太令人愉快的通知，比如传输失败，也应该以令人喜爱的方式展现。让你的用户微笑！</p><p><img src="http://localhost/share/article/upload/image/20180131/1517390513__260028484aceec9144c177b.png" title="1517390513__260028484aceec9144c177b.png" alt="260028484aceec9144c177b.png"/></p>', '2018-01-31 17:22:45', 'jsd', 0, 0, 0, 1),
	(24, 1, '提升用户体验：7大诱惑人心的微交互', '<p style="margin: 20px auto; padding: 0px; list-style: none; color: rgb(51, 51, 51); font-family: &quot;Hiragino Sans GB&quot;, &quot;Helvetica neue&quot;, Helvetica, &quot;Microsoft Yahei&quot;, sans-serif; font-size: 14px; white-space: normal; background-color: rgb(255, 255, 255);">动画的使用在交互设计中发挥着越来越重要的作用，尤其是在移动应用中，本文详细分析了动画在微交互中发挥的各种作用。众所周知，我们总是依据封面来判断书的好坏，聪明的设计师会创造实用有吸引力的界面。潜在用户可能会被吸引，但如何一直黏住他们呢？</p><p style="margin: 20px auto; padding: 0px; list-style: none; color: rgb(51, 51, 51); font-family: &quot;Hiragino Sans GB&quot;, &quot;Helvetica neue&quot;, Helvetica, &quot;Microsoft Yahei&quot;, sans-serif; font-size: 14px; white-space: normal; background-color: rgb(255, 255, 255);">要试着回答这个问题，所有一切都指向人本设计，其中用户是最主要的考量。以人为本：你的应用应该使用日常用语，包括情绪、口语，外观还要有一丝“诱惑力”。界面应当成为你的好朋友，时刻准备给出建议提升你的体验，让你会心一笑。</p><p style="margin: 20px auto; padding: 0px; list-style: none; color: rgb(51, 51, 51); font-family: &quot;Hiragino Sans GB&quot;, &quot;Helvetica neue&quot;, Helvetica, &quot;Microsoft Yahei&quot;, sans-serif; font-size: 14px; white-space: normal; background-color: rgb(255, 255, 255);">现在揭幕：是微交互在起作用。精确的说，这主要是界面附带的交互动画，使它更具表现力。优秀的动画能够：</p><ul style="list-style-type: none;" class=" list-paddingleft-2"><li><p>表达状态并提供反馈</p></li><li><p>提升直接的操纵感</p></li><li><p>将操作结果可视化</p></li></ul><p style="margin: 20px auto; padding: 0px; list-style: none; color: rgb(51, 51, 51); font-family: &quot;Hiragino Sans GB&quot;, &quot;Helvetica neue&quot;, Helvetica, &quot;Microsoft Yahei&quot;, sans-serif; font-size: 14px; white-space: normal; background-color: rgb(255, 255, 255);">在用户体验中，关键是你如何对待用户，还有他们使用产品时的感受。极小的细节都值得加倍留心。微交互提供了用户所需的反馈，表达了当前运行状况。无论背后逻辑有多么复杂，都能使界面更亲切。</p><h3 style="margin: 20px auto; padding: 0px; font-weight: bolder; line-height: 1.2; color: rgb(51, 51, 51); font-family: &quot;Hiragino Sans GB&quot;, &quot;Helvetica neue&quot;, Helvetica, &quot;Microsoft Yahei&quot;, sans-serif; white-space: normal; background-color: rgb(255, 255, 255);">1. 显示系统状态</h3><p style="margin: 20px auto; padding: 0px; list-style: none; color: rgb(51, 51, 51); font-family: &quot;Hiragino Sans GB&quot;, &quot;Helvetica neue&quot;, Helvetica, &quot;Microsoft Yahei&quot;, sans-serif; font-size: 14px; white-space: normal; background-color: rgb(255, 255, 255);">Jakob Nielsen在可用性原则启示第一条中描述：让用户始终知晓当前在发生什么。用户希望立马得到回应，但总有些情况下，网站需要一点时间等待操作完成。</p><p style="margin: 20px auto; padding: 0px; list-style: none; color: rgb(51, 51, 51); font-family: &quot;Hiragino Sans GB&quot;, &quot;Helvetica neue&quot;, Helvetica, &quot;Microsoft Yahei&quot;, sans-serif; font-size: 14px; white-space: normal; background-color: rgb(255, 255, 255);">那么，界面就应当在背景处显示图形，反映完成百分比。或是播放声音，让用户了解当前发生的事情。这个原则也关系到文件传输：不要让用户觉得无聊，给他们看进度条。即使是不太令人愉快的通知，比如传输失败，也应该以令人喜爱的方式展现。让你的用户微笑！</p><p><img src="http://localhost/share/article/upload/image/20180131/1517390513__260028484aceec9144c177b.png" title="1517390513__260028484aceec9144c177b.png" alt="260028484aceec9144c177b.png"/></p>', '2018-01-31 17:22:46', 'jsd', 0, 0, 0, 1),
	(25, 1, '提升用户体验：7大诱惑人心的微交互', '<p style="margin: 20px auto; padding: 0px; list-style: none; color: rgb(51, 51, 51); font-family: &quot;Hiragino Sans GB&quot;, &quot;Helvetica neue&quot;, Helvetica, &quot;Microsoft Yahei&quot;, sans-serif; font-size: 14px; white-space: normal; background-color: rgb(255, 255, 255);">动画的使用在交互设计中发挥着越来越重要的作用，尤其是在移动应用中，本文详细分析了动画在微交互中发挥的各种作用。众所周知，我们总是依据封面来判断书的好坏，聪明的设计师会创造实用有吸引力的界面。潜在用户可能会被吸引，但如何一直黏住他们呢？</p><p style="margin: 20px auto; padding: 0px; list-style: none; color: rgb(51, 51, 51); font-family: &quot;Hiragino Sans GB&quot;, &quot;Helvetica neue&quot;, Helvetica, &quot;Microsoft Yahei&quot;, sans-serif; font-size: 14px; white-space: normal; background-color: rgb(255, 255, 255);">要试着回答这个问题，所有一切都指向人本设计，其中用户是最主要的考量。以人为本：你的应用应该使用日常用语，包括情绪、口语，外观还要有一丝“诱惑力”。界面应当成为你的好朋友，时刻准备给出建议提升你的体验，让你会心一笑。</p><p style="margin: 20px auto; padding: 0px; list-style: none; color: rgb(51, 51, 51); font-family: &quot;Hiragino Sans GB&quot;, &quot;Helvetica neue&quot;, Helvetica, &quot;Microsoft Yahei&quot;, sans-serif; font-size: 14px; white-space: normal; background-color: rgb(255, 255, 255);">现在揭幕：是微交互在起作用。精确的说，这主要是界面附带的交互动画，使它更具表现力。优秀的动画能够：</p><ul style="list-style-type: none;" class=" list-paddingleft-2"><li><p>表达状态并提供反馈</p></li><li><p>提升直接的操纵感</p></li><li><p>将操作结果可视化</p></li></ul><p style="margin: 20px auto; padding: 0px; list-style: none; color: rgb(51, 51, 51); font-family: &quot;Hiragino Sans GB&quot;, &quot;Helvetica neue&quot;, Helvetica, &quot;Microsoft Yahei&quot;, sans-serif; font-size: 14px; white-space: normal; background-color: rgb(255, 255, 255);">在用户体验中，关键是你如何对待用户，还有他们使用产品时的感受。极小的细节都值得加倍留心。微交互提供了用户所需的反馈，表达了当前运行状况。无论背后逻辑有多么复杂，都能使界面更亲切。</p><h3 style="margin: 20px auto; padding: 0px; font-weight: bolder; line-height: 1.2; color: rgb(51, 51, 51); font-family: &quot;Hiragino Sans GB&quot;, &quot;Helvetica neue&quot;, Helvetica, &quot;Microsoft Yahei&quot;, sans-serif; white-space: normal; background-color: rgb(255, 255, 255);">1. 显示系统状态</h3><p style="margin: 20px auto; padding: 0px; list-style: none; color: rgb(51, 51, 51); font-family: &quot;Hiragino Sans GB&quot;, &quot;Helvetica neue&quot;, Helvetica, &quot;Microsoft Yahei&quot;, sans-serif; font-size: 14px; white-space: normal; background-color: rgb(255, 255, 255);">Jakob Nielsen在可用性原则启示第一条中描述：让用户始终知晓当前在发生什么。用户希望立马得到回应，但总有些情况下，网站需要一点时间等待操作完成。</p><p style="margin: 20px auto; padding: 0px; list-style: none; color: rgb(51, 51, 51); font-family: &quot;Hiragino Sans GB&quot;, &quot;Helvetica neue&quot;, Helvetica, &quot;Microsoft Yahei&quot;, sans-serif; font-size: 14px; white-space: normal; background-color: rgb(255, 255, 255);">那么，界面就应当在背景处显示图形，反映完成百分比。或是播放声音，让用户了解当前发生的事情。这个原则也关系到文件传输：不要让用户觉得无聊，给他们看进度条。即使是不太令人愉快的通知，比如传输失败，也应该以令人喜爱的方式展现。让你的用户微笑！</p><p><img src="http://localhost/share/article/upload/image/20180131/1517390513__260028484aceec9144c177b.png" title="1517390513__260028484aceec9144c177b.png" alt="260028484aceec9144c177b.png"/></p>', '2018-01-31 17:22:47', 'jsd', 6, 8, 0, 1),
	(26, 1, '今天很高兴', '<p>大是大非撒地方<img src="http://localhost/share/article/upload/image/20180131/1517395911__0712510126303c641f268fe.jpg" title="1517395911__0712510126303c641f268fe.jpg" alt="0712510126303c641f268fe.jpg"/></p>', '2018-01-31 18:51:58', 'zhupei', 1, 3, 0, 1);
/*!40000 ALTER TABLE `article` ENABLE KEYS */;

-- 导出  表 jw.cate 结构
DROP TABLE IF EXISTS `cate`;
CREATE TABLE IF NOT EXISTS `cate` (
  `cid` int(2) NOT NULL AUTO_INCREMENT COMMENT '栏目ID',
  `catename` char(10) NOT NULL,
  `pid` tinyint(1) NOT NULL DEFAULT '1' COMMENT '1是文章,2是美图',
  PRIMARY KEY (`cid`)
) ENGINE=InnoDB AUTO_INCREMENT=9 DEFAULT CHARSET=utf8 COMMENT='栏目表';

-- 正在导出表  jw.cate 的数据：~8 rows (大约)
DELETE FROM `cate`;
/*!40000 ALTER TABLE `cate` DISABLE KEYS */;
INSERT INTO `cate` (`cid`, `catename`, `pid`) VALUES
	(1, '前端开发', 1),
	(2, '视觉设计', 1),
	(3, '用户体验', 1),
	(4, '交互设计', 1),
	(5, '平面设计', 2),
	(6, '摄影艺术', 2),
	(7, '绘画艺术', 2),
	(8, '3D艺术', 2);
/*!40000 ALTER TABLE `cate` ENABLE KEYS */;

-- 导出  表 jw.image 结构
DROP TABLE IF EXISTS `image`;
CREATE TABLE IF NOT EXISTS `image` (
  `imgid` int(11) NOT NULL AUTO_INCREMENT COMMENT '图片ID',
  `cateid` int(2) DEFAULT NULL COMMENT '所属栏目ID',
  `title` char(100) DEFAULT NULL COMMENT '标题',
  `content` text,
  `addtime` datetime DEFAULT NULL COMMENT '添加时间',
  `author` char(10) DEFAULT NULL COMMENT '作者',
  `likes` int(10) NOT NULL DEFAULT '0' COMMENT '被喜欢的次数',
  `views` int(10) NOT NULL DEFAULT '0' COMMENT '被浏览次数',
  `comments` int(10) NOT NULL DEFAULT '0',
  `status` tinyint(1) NOT NULL DEFAULT '1',
  PRIMARY KEY (`imgid`)
) ENGINE=InnoDB AUTO_INCREMENT=38 DEFAULT CHARSET=utf8 COMMENT='文章信息表';

-- 正在导出表  jw.image 的数据：~37 rows (大约)
DELETE FROM `image`;
/*!40000 ALTER TABLE `image` DISABLE KEYS */;
INSERT INTO `image` (`imgid`, `cateid`, `title`, `content`, `addtime`, `author`, `likes`, `views`, `comments`, `status`) VALUES
	(1, 5, 'NBA球星动态插画', ',http://jiangsd/share/image/upload/image/20180130/1517326452__29135503b6c7bbc84091e4e.gif,http://jiangsd/share/image/upload/image/20180130/1517326452__29135459e9b2f5eca9af25c.gif,http://jiangsd/share/image/upload/image/20180130/1517326452__291354521ca2a70c05abc6e.gif', '2018-01-30 23:34:20', 'jsd', 0, 0, 0, 1),
	(2, 5, 'Bridget Beth Collins 花的艺术', ',http://jiangsd/share/image/upload/image/20180130/1517290856__091432049052bc76e9c1910.jpg,http://jiangsd/share/image/upload/image/20180130/1517290856__09143207f340306546fb19e.jpg,http://jiangsd/share/image/upload/image/20180130/1517290856__091432058d815ef35939dcc.jpg,http://jiangsd/share/image/upload/image/20180130/1517290857__09143206d04a18d511e109b.jpg,http://jiangsd/share/image/upload/image/20180130/1517290857__09143208bc6f993aece5362.jpg', '2018-01-30 13:41:04', 'jsd', 0, 0, 0, 1),
	(3, 7, '龙', ',http://jiangsd/share/image/upload/image/20180130/1517290916__24152825cc86cfbaeae3a9c.jpg', '2018-01-30 13:41:59', 'jsd', 0, 0, 0, 1),
	(4, 6, '欢快的海豚', ',http://jiangsd/share/image/upload/image/20180130/1517290951__24152700e1efff65ea558e4.jpg', '2018-01-30 13:42:33', 'jsd', 0, 0, 0, 1),
	(5, 6, '时尚搭配', ',http://jiangsd/share/image/upload/image/20180130/1517291012__19111254cad2bd5ea42c961.jpg', '2018-01-30 13:43:35', 'jsd', 0, 0, 0, 1),
	(6, 8, '3D卡通人物设计', ',http://jiangsd/share/image/upload/image/20180130/1517291084__29095838647ae9973960010.jpg', '2018-01-30 13:44:46', 'jsd', 0, 0, 0, 1),
	(7, 8, '大圣归来', ',http://jiangsd/share/image/upload/image/20180130/1517291190__1310073892245976577fa91.jpg,http://jiangsd/share/image/upload/image/20180130/1517291191__1310073857bed88d722bda3.jpg,http://jiangsd/share/image/upload/image/20180130/1517291191__1310074366ad3fb78598e42.jpg', '2018-01-30 13:46:38', 'jsd', 0, 0, 0, 1),
	(8, 8, '宇宙和鸡蛋', ',http://jiangsd/share/image/upload/image/20180130/1517291296__18181230551a6acb82bdb8e.jpg,http://jiangsd/share/image/upload/image/20180130/1517291296__1818123608145b4ec578a74.jpg', '2018-01-30 13:48:19', 'jsd', 0, 0, 0, 1),
	(9, 7, 'Four Seasons', ',http://jiangsd/share/image/upload/image/20180130/1517292902__1911133920aceb22b275157.jpg', '2018-01-30 14:15:04', 'jsd', 0, 0, 0, 1),
	(10, 6, '壹空', ',http://jiangsd/share/image/upload/image/20180130/1517292936__19111531a4cc882950e0616.jpg', '2018-01-30 14:15:38', 'jsd', 0, 0, 0, 1),
	(11, 5, '彩妆美女', ',http://jiangsd/share/image/upload/image/20180130/1517292978__24093802391d7212e67d38c.jpg', '2018-01-30 14:16:21', 'jsd', 0, 0, 0, 1),
	(12, 7, '画师原创动漫', ',http://jiangsd/share/image/upload/image/20180130/1517293066__1711424898a3746c44c5966.jpg', '2018-01-30 14:17:48', 'jsd', 0, 0, 0, 1),
	(13, 6, '美女', ',http://jiangsd/share/image/upload/image/20180130/1517293130__14231704d1bc38b418faad7.jpg', '2018-01-30 14:18:52', 'jsd', 0, 0, 0, 1),
	(14, 7, '女头像 萝莉', ',http://jiangsd/share/image/upload/image/20180130/1517293174__130946005e044c438dec1e2.jpg', '2018-01-30 14:19:37', 'jsd', 0, 0, 0, 1),
	(15, 6, '干了这碗鸡汤', ',http://jiangsd/share/image/upload/image/20180130/1517293231__07135217a247f9f300674ff.jpg', '2018-01-30 14:20:34', 'jsd', 0, 0, 0, 1),
	(16, 7, 'R.M.T！！@餹粿の菋噵采集到少女時光', ',http://jiangsd/share/image/upload/image/20180130/1517293355__061422452571227f8b838f4.jpg', '2018-01-30 14:22:38', 'jsd', 0, 0, 0, 1),
	(17, 5, 'PCD品仓设计-廊坊固安孔雀城合院别墅', ',http://jiangsd/share/image/upload/image/20180130/1517293421__07125306e8677deeefdb658.jpg', '2018-01-30 14:23:44', 'jsd', 0, 0, 0, 1),
	(18, 5, '喵，你想穿高跟鞋嗎', ',http://jiangsd/share/image/upload/image/20180130/1517293482__25195129cfd17d106d62ff1.jpg', '2018-01-30 14:24:44', 'jsd', 0, 0, 0, 1),
	(19, 5, '婚纱：梦一般的美', ',http://jiangsd/share/image/upload/image/20180130/1517301585__2519522526e7cf1b2e2d325.jpg', '2018-01-30 16:39:52', 'jsd', 0, 0, 0, 1),
	(20, 6, '蓝色海豚', ',http://jiangsd/share/image/upload/image/20180130/1517302028__0712510126303c641f268fe.jpg', '2018-01-30 16:47:11', 'jsd', 0, 0, 0, 1),
	(21, 6, 'CGwall游戏原画', ',http://jiangsd/share/image/upload/image/20180130/1517322681__0218260810eb8f4658c5f61.jpg', '2018-01-30 22:31:26', 'jsd', 0, 0, 0, 1),
	(22, 6, '甜心女孩', ',http://jiangsd/share/image/upload/image/20180130/1517325367__08170634b564c82a4c20200.jpg', '2018-01-30 23:16:09', 'jsd', 0, 0, 0, 1),
	(23, 6, '且行且珍惜，让每一寸光阴都温暖', ',http://jiangsd/share/image/upload/image/20180130/1517325423__0614210574155fbb88d0145.jpg', '2018-01-30 23:17:05', 'jsd', 0, 0, 0, 1),
	(24, 6, '程序猿', ',http://jiangsd/share/image/upload/image/20180130/1517325482__06122119db591cf7e00b544.gif', '2018-01-30 23:18:04', 'jsd', 0, 0, 0, 1),
	(25, 7, '《尼尔：人造部队》特工与帕斯卡人物艺术', ',http://jiangsd/share/image/upload/image/20180130/1517325532__12100947c564d1d49855f92.jpg', '2018-01-30 23:18:54', 'jsd', 0, 0, 0, 1),
	(26, 7, 'morning/森倉円*3日目東ａ13b', ',http://jiangsd/share/image/upload/image/20180130/1517325627__121008262d997a8a0b0d5e8.jpg', '2018-01-30 23:20:29', 'jsd', 0, 0, 0, 1),
	(27, 7, '日韩风2次元', ',http://jiangsd/share/image/upload/image/20180130/1517325653__021826129345fd0cd299493.jpg', '2018-01-30 23:20:56', 'jsd', 0, 0, 0, 1),
	(28, 8, 'OrchidSeed Tower of AION 天族', ',http://jiangsd/share/image/upload/image/20180130/1517325699__021723513b000626a4ccdcf.jpg', '2018-01-30 23:21:41', 'jsd', 0, 0, 0, 1),
	(29, 5, '趣味美食app design 设计', ',http://jiangsd/share/image/upload/image/20180130/1517325760__2610393378de211112f9a05.jpg', '2018-01-30 23:22:42', 'jsd', 0, 0, 0, 0),
	(30, 7, '浜風~', ',http://jiangsd/share/image/upload/image/20180130/1517325797__260028484aceec9144c177b.png', '2018-01-30 23:23:19', 'jsd', 0, 0, 0, 1),
	(31, 6, '无晟迷津', ',http://jiangsd/share/image/upload/image/20180130/1517325844__25195447ef7a11a86a21000.jpg', '2018-01-30 23:24:06', 'jsd', 0, 0, 0, 1),
	(32, 6, '心水的-✿', ',http://jiangsd/share/image/upload/image/20180130/1517325903__25104417ee17fb4deacf871.jpg', '2018-01-30 23:25:06', 'jsd', 0, 0, 0, 1),
	(33, 8, '3D 女孩', ',http://jiangsd/share/image/upload/image/20180130/1517325960__24225313440a5822a63dcf8.jpg', '2018-01-30 23:26:02', 'jsd', 0, 0, 0, 1),
	(34, 8, '从零开始的异世界', ',http://jiangsd/share/image/upload/image/20180130/1517325996__24180801798487d81339ac4.jpg', '2018-01-30 23:26:41', 'jsd', 0, 0, 0, 1),
	(35, 7, '流星✨  二次元', ',http://jiangsd/share/image/upload/image/20180130/1517326085__222126069fc451431e3ad4e.png', '2018-01-30 23:28:07', 'jsd', 0, 0, 0, 1),
	(36, 5, '女性的柔美色彩', ',http://jiangsd/share/image/upload/image/20180130/1517326230__12092947e322eb202c63862.jpg,http://jiangsd/share/image/upload/image/20180130/1517326230__12092951928ffd54ae16488.jpg', '2018-01-30 23:30:33', 'jsd', 0, 0, 0, 0),
	(37, 7, '鹿虎设计', ',http://jiangsd/share/image/upload/image/20180130/1517290721__111220589d97a5dad0dc0ba.jpg', '2018-01-30 13:38:48', 'jsd', 0, 0, 0, 0);
/*!40000 ALTER TABLE `image` ENABLE KEYS */;

-- 导出  表 jw.imgcomment 结构
DROP TABLE IF EXISTS `imgcomment`;
CREATE TABLE IF NOT EXISTS `imgcomment` (
  `comid` int(11) NOT NULL AUTO_INCREMENT COMMENT '评论ID',
  `pid` int(5) NOT NULL DEFAULT '0' COMMENT 'parentID,如果是回复评论,回复的那条评论的ID',
  `imgid` int(11) NOT NULL COMMENT '所属美图ID',
  `content` text NOT NULL,
  `addtime` datetime NOT NULL,
  `status` tinyint(1) NOT NULL DEFAULT '1',
  PRIMARY KEY (`comid`)
) ENGINE=InnoDB DEFAULT CHARSET=utf8 COMMENT='图片评论表';

-- 正在导出表  jw.imgcomment 的数据：~0 rows (大约)
DELETE FROM `imgcomment`;
/*!40000 ALTER TABLE `imgcomment` DISABLE KEYS */;
/*!40000 ALTER TABLE `imgcomment` ENABLE KEYS */;

-- 导出  表 jw.likes 结构
DROP TABLE IF EXISTS `likes`;
CREATE TABLE IF NOT EXISTS `likes` (
  `lid` int(11) NOT NULL AUTO_INCREMENT COMMENT '喜欢记录的id',
  `authorid` int(11) DEFAULT NULL COMMENT '文章或者美图的作者id',
  `uid` int(11) DEFAULT NULL COMMENT '点击喜欢的用户id',
  PRIMARY KEY (`lid`)
) ENGINE=InnoDB DEFAULT CHARSET=utf8 COMMENT='被喜欢的文章和美图';

-- 正在导出表  jw.likes 的数据：~0 rows (大约)
DELETE FROM `likes`;
/*!40000 ALTER TABLE `likes` DISABLE KEYS */;
/*!40000 ALTER TABLE `likes` ENABLE KEYS */;

-- 导出  表 jw.liuyan 结构
DROP TABLE IF EXISTS `liuyan`;
CREATE TABLE IF NOT EXISTS `liuyan` (
  `lid` int(11) NOT NULL AUTO_INCREMENT,
  `content` varchar(300) NOT NULL COMMENT '评论内容',
  `username` char(15) NOT NULL COMMENT '用户名',
  `dates` date NOT NULL COMMENT '日期',
  PRIMARY KEY (`lid`)
) ENGINE=MyISAM AUTO_INCREMENT=2 DEFAULT CHARSET=utf8 COMMENT='留言联系';

-- 正在导出表  jw.liuyan 的数据：1 rows
DELETE FROM `liuyan`;
/*!40000 ALTER TABLE `liuyan` DISABLE KEYS */;
INSERT INTO `liuyan` (`lid`, `content`, `username`, `dates`) VALUES
	(1, '网站很漂亮。出售吗', 'jsd', '2011-11-11');
/*!40000 ALTER TABLE `liuyan` ENABLE KEYS */;

-- 导出  表 jw.user 结构
DROP TABLE IF EXISTS `user`;
CREATE TABLE IF NOT EXISTS `user` (
  `uid` int(11) NOT NULL AUTO_INCREMENT,
  `username` char(10) NOT NULL,
  `passwd` char(32) NOT NULL,
  `photo` text NOT NULL,
  `usersign` text NOT NULL,
  `tel` char(11) DEFAULT NULL,
  `email` text,
  `regtime` datetime DEFAULT NULL,
  PRIMARY KEY (`uid`)
) ENGINE=InnoDB AUTO_INCREMENT=5 DEFAULT CHARSET=utf8 COMMENT='用户表';

-- 正在导出表  jw.user 的数据：~4 rows (大约)
DELETE FROM `user`;
/*!40000 ALTER TABLE `user` DISABLE KEYS */;
INSERT INTO `user` (`uid`, `username`, `passwd`, `photo`, `usersign`, `tel`, `email`, `regtime`) VALUES
	(1, 'jsd', '0a488f17216d2141214bfcc8e12c2c8a', ',http://jiangsd/share/person/upload/image/20180131,/1517380648__222126069fc451431e3ad4e.png', '很懒,没有签名', '18328815322', '17765622@qq.com', '2018-01-30 00:50:35'),
	(2, 'zdc', '999fe6a9f7392068ceb6454dd721efbd', ',http://jiangsd/share/person/upload/image/20180131/1517380648__222126069fc451431e3ad4e.png', 'hahahhahah', '13125648', '5951511@qq.com', '2018-01-31 14:33:08'),
	(3, 'yuanpan', '4e9be4e114039a877e0b3c108b84f9e4', ',http://jiangsd/share/person/upload/image/20180130/1517293231__07135217a247f9f300674ff.jpg', '很懒', '156151515', '593161@qq.com', NULL),
	(4, 'zhupei', '202cb962ac59075b964b07152d234b70', '', '', NULL, NULL, NULL);
/*!40000 ALTER TABLE `user` ENABLE KEYS */;

/*!40101 SET SQL_MODE=IFNULL(@OLD_SQL_MODE, '') */;
/*!40014 SET FOREIGN_KEY_CHECKS=IF(@OLD_FOREIGN_KEY_CHECKS IS NULL, 1, @OLD_FOREIGN_KEY_CHECKS) */;
/*!40101 SET CHARACTER_SET_CLIENT=@OLD_CHARACTER_SET_CLIENT */;
